genres_poet_name,poetid,genre,genreid,source_work,source_workid,source_citation,source_greektext,source_translation,source_translator,source_notes,source_explicit,notes,source
Alcaeus,92.00,Unclassified melic,30,Aristotle,,Arist. Pol. 1285a,... Ἀλκαῖος ὁ ποιητής. δηλοῖ δὲ Ἀλκαῖος ὅτι τύραννον εἵλοντο τὸν Πιττακὸν ἔν τινι τῶν σκολιῶν μελῶν· ἐπιτιμᾷ γὰρ ὅτι...,"...the poet Alcaeus. Alcaeus makes it clear in one of his drinking-songs that they chose Pittacus as tyrant, for he says in reproach...",Campbell,,no,,
Alcaeus,92,Skolia,12,Aristotle,,Arist. Pol. 1285a,... Ἀλκαῖος ὁ ποιητής. δηλοῖ δὲ Ἀλκαῖος ὅτι τύραννον εἵλοντο τὸν Πιττακὸν ἔν τινι τῶν σκολιῶν μελῶν· ἐπιτιμᾷ γὰρ ὅτι...,"...the poet Alcaeus. Alcaeus makes it clear in one of his drinking-songs that they chose Pittacus as tyrant, for he says in reproach...",Campbell,,yes,,
Alcman,93.00,Hymn,6,Palatine Anthology,,Anth. Pal. 7. 19,"τὸν χαρίεντ᾿ Ἀλκμᾶνα, τὸν ὑμνητῆρ᾿ ὑμεναίων / κύκνον...","Graceful Alcman, the swan who sang wedding-hymns",Campbell,,no,,
Alcman,93.00,Paean,8,Pseudo-Plutarch,,[Plut.] Mus. 17. 1136f,"οὐκ ἠγνόει (sc. Πλάτων) δ᾿ ὅτι πολλὰ Δώρια παρθένεια〚ἄλλα〛 Ἀλκμᾶνι καὶ Πινδάρῳ καὶ Σιμωνίδῃ καὶ Βακχυλίδῃ πεποίηται, ἀλλὰ μὴν καὶ ὅτι προσόδια καὶ παιᾶνες.","Plato was well aware that many maiden-songs in the Dorian mode were composed by Alcman, Pindar, Simonides and Bacchylides, in addition to processional-songs and paeans.",Campbell,,yes,,
Alcman,93.00,Partheneion,13,Pseudo-Plutarch,,[Plut.] Mus. 17. 1136f,"οὐκ ἠγνόει (sc. Πλάτων) δ᾿ ὅτι πολλὰ Δώρια παρθένεια〚ἄλλα〛 Ἀλκμᾶνι καὶ Πινδάρῳ καὶ Σιμωνίδῃ καὶ Βακχυλίδῃ πεποίηται, ἀλλὰ μὴν καὶ ὅτι προσόδια καὶ παιᾶνες.","Plato was well aware that many maiden-songs in the Dorian mode were composed by Alcman, Pindar, Simonides and Bacchylides, in addition to processional-songs and paeans.",Campbell,,yes,,
Alcman,93.00,Prosodion,10,Pseudo-Plutarch,,[Plut.] Mus. 17. 1136f,"οὐκ ἠγνόει (sc. Πλάτων) δ᾿ ὅτι πολλὰ Δώρια παρθένεια〚ἄλλα〛 Ἀλκμᾶνι καὶ Πινδάρῳ καὶ Σιμωνίδῃ καὶ Βακχυλίδῃ πεποίηται, ἀλλὰ μὴν καὶ ὅτι προσόδια καὶ παιᾶνες.","Plato was well aware that many maiden-songs in the Dorian mode were composed by Alcman, Pindar, Simonides and Bacchylides, in addition to processional-songs and paeans.",Campbell,,yes,,
Anacreon,94.00,Elegy,3,Suda,,Sud. A 1916,"ἔγραψεν ἐλεγεῖα καὶ ἰάμβους, Ἰάδι πάντα διαλέκτῳ.","He wrote elegiac and iambic poems, all in the Ionic dialect.",Campbell,,yes,,
Anacreon,94.00,Iambos,11,Suda,,Sud. A 1916,"ἔγραψεν ἐλεγεῖα καὶ ἰάμβους, Ἰάδι πάντα διαλέκτῳ.","He wrote elegiac and iambic poems, all in the Ionic dialect.",Campbell,,yes,,
Anacreon,94,Partheneion,13,Scholiast to Iliad,,Schol. Il. 21.162s,και . α[.]ανακ[ / ἐν Παρθενείοις,. . . (so in Anacreon?) in his Maiden-songs. (see also Lucian Ver. Hist. 2.15),Campbell,,yes,,
Anacreon,94.00,Unclassified melic,30,Suda,,Sud. A 1916,"Ἀνακρέων, Τήϊος, λυρικός...",Anacreon: a lyric poet of Teos...,Campbell,,no,,
Ananius,95.00,Iambos,11,Tzetzes,,Tzetz. in Lyc. (ii. 18 Scheer),"ἀριπρεπεῖς δὲ ἰαμβογράφοι Ἀνανίας, Ἀρχίλοχος, Ἱππῶναξ.","The most distinguished iambic writers are Ananius,1 Archilochus and Hipponax.",Campbell,,yes,,
Antigenes,8,Dithyramb,2,Palatine Anthology,,Anth. Pal. 13.28,"Πολλάκι δὴ φυλῆς Ἀκαμαντίδος ἐν χοροῖσιν Ὧραι / ἀνωλόλυξαν κισσοφόροις ἐπι διθυράμβοις / αἱ Διονυσιάδες, μίτραισι δὲ καὶ ῥόδων ἀώτοις / σοφῶν ἀοιδῶν ἐσκίασαν λιπαρὰν ἔθειραν, / οἳ τόνδε τρίποδά σφισι μάρτυρα Βακχίων ἀέθλων / ἔθηκαν· κείνους δ᾿ Ἀντιγένης ἐδίδασκεν ἄνδρας.","Often in truth, in the choruses of the tribe Acamantis, did the Hours, the companions of Dionysus, shout in triumph at the ivy-crowned dithyrambs, and overshadow the bright locks of skilled poets with fillets and rose blossoms. The chorus now hath set up this tripod as a witness of their Bacchic contest. Antigenes was the poet who trained those men to sing his verses,",Paton,"""The epigram represents an inscription on a tripod (5) commemorating a victory (11) in the Dithyrambic competition (2) at the Dionysia (3) by the Athenian tribe Acamantis (1)"" (Page 1981: 11) victory (11) in the Dithyrambic competition (2) at the Dionysia (3) by theAthenian tribe Acamantis (1)",yes,,
Apollodorus,96.00,Dithyramb,2,Eustathius,,Eust. prooem. Pind. 27,"... Ἀπολλοδώρου, ὅν φασι καὶ προϊστάμενον κυκλίων χορῶν καὶ ἀποδημοῦντα πιστεῦσαι τὴν διδασκαλίαν Πινδάρῳ παιδὶ ὄντι·","or by Apollodorus. They say that Apollodorus was in charge of circular choruses and that when he was out of the city he entrusted their training to Pindar, who was still only a boy;",Campbell,"Presumably this chorus was in Thebes, though Cynoscephalae cannot be ruled out",yes,,
Apollodorus,96.00,Hymn,6,Erotian,,Erotian. in Hipp. Mul. 2. 125,τὸ τέρθρον τοῦ πάθους ἀντὶ τοῦ τὸ τέλος· . . . καὶ Ἀπολλόδωρος ὁ τοὺς ὕμνους γράψας φησί·,Hippocrates says ‘the extremity’ of the disease instead of ‘the crisis’; ... so Apollodorus who wrote the hymns says:,Campbell,,yes,,
Archelaos,56,Elegy,3,Plutarch,,Plut. Cim. 4,"δῆλος δ᾽ ἐστὶ καὶ πρὸς Ἰσοδίκην τὴν Εὐρυπτολέμου μὲν θυγατέρα τοῦ Μεγακλέους κατὰ νόμους δ᾽ αὐτῷ συμβιώσασαν ὁ Κίμων ἐμπαθέστερον διατεθεὶς καὶ δυσφορήσας ἀποθανούσης, εἴ τι δεῖ τεκμαίρεσθαι ταῖς γεγραμμέναις ἐπὶ παρηγορίᾳ τοῦ πένθους ἐλεγείαις πρὸς αὐτόν, ὧν Παναίτιος ὁ φιλόσοφος οἴεται ποιητὴν γεγονέναι τὸν φυσικὸν Ἀρχέλαον, οὐκ ἀπὸ τρόπου τοῖς χρόνοις εἰκάζων.","And it is clear that he was also deeply attached to his lawful wife, Isodice daughter of Euryptolemus son of Megacles, and took her death very hardly, if we may judge by the elegies written to console him which are thought by the philosopher Panaetius to be the work of the natural philosopher Archelaus —a conjecture which is sound chronologically",Edmonds,,yes,,
Archilochus,97.00,Elegy,3,Pseudo-Plutarch,,Ps.-Plut. de musica 28.1140f–1141b (p. 124 Lasserre),"ἀλλὰ μὴν καὶ Ἀρχίλοχος τὴν τῶν τριμέτρων ῥυθμοποιίαν προσεξεῦρε καὶ τὸν εἰς τοὺς οὐχ ὁμογενεῖς ῥυθμοὺς ἔντασιν καὶ τὴν παρακαταλογὴν καὶ τὴν περὶ ταῦτα κροῦσιν. πρώτῳ δ᾿ αὐτῷ τά τ᾿ ἐπῳδὰ καὶ τὰ τετράμετρα καὶ τὸ κρητικὸν καὶ τὸ προσοδιακὸν ἀποδέδοται, καὶ ἡ τοῦ ἡρῴου αὔξησις, ὑπ᾿ ἐνίων δὲ καὶ τὸ ἐλεγεῖον","Furthermore, Archilochus in addition devised the rhythmical pattern of the (iambic) trimeter, combinations involving heterogeneous rhythms, recitative, and the instrumental music associated with this. And he is the first to be credited with epodes, (trochaic) tetrameters, the cretic, the prosodiac, and the augmented heroic verse, and according to some the elegiac couplet as well...",Gerber,,yes,,
Archilochus,97.00,Iambos,11,Theocritus,,Theocr. epig. 21 Gow,Ἀρχίλοχον καὶ στᾶθι καὶ εἴσιδε τὸν πάλαι ποιητὰν / τὸν τῶν ἰάμβων...,"Stop and look upon Archilochus, the iambic poet of old...",Gerber,,yes,,
Arion,98.00,Dithyramb,2,Herodotus,,Hdt. 1.23s.,"τῷ δὴ λέγουσι Κορίνθιοι (ὁμολογέουσι δέ σφι Λέσβιοι) ἐν τῷ βίῳ θῶμα μέγιστον παραστῆναι, Ἀρίονα τὸν Μηθυμναῖον ἐπὶ δελφῖνος ἐξενειχθέντα ἐπὶ Ταίναρον, ἐόντα κιθαρῳδὸν τῶν τότε ἐόντων οὐδενὸς δεύτερον, καὶ διθύραμβον πρῶτον ἀνθρώπων τῶν ἡμεῖς ἴδμεν ποιήσαντά τε καὶ ὀνομάσαντα καὶ διδάξαντα ἐν Κορίνθῳ. ","According to the Corinthians, with whom the Lesbians agree in the matter, a most astonishing thing happened during his life; Arion of Methymna was carried safely to Taenarum3 on the back of a dolphin. This Arion was the foremost cithara-singer of his time and the first man that we know of to compose a dithyramb, give it a title and produce it in Corinth.",Campbell,,yes,,
Arion,98.00,Nome,7,Herodotus,,Hdt. 1.23s.,"τὸν δὲ ἐνδύντα τε πᾶσαν τὴν σκευὴν καὶ λαβόντα τὴν κιθάρην, στάντα ἐν τοῖσι ἑδωλίοισι διεξελθεῖν νόμον τὸν ὄρθιον, τελευτῶντος δὲ τοῦ νόμου ῥῖψαί μιν ἐς τὴν θάλασσαν ἑωυτὸν ὡς εἶχε σὺν τῇ σκευῇ πάσῃ","He put on his full costume, took his cithara, stood on the stern-benches and sang the whole Orthian nome; the performance over, he plunged into the sea just as he was, wearing full costume.",Campbell,,yes,,
Arion,98.00,Prooimion,9,Suda,,Suda A 3886,ἔγραψε δὲ ᾄσματα: προοίμια εἰς ἔπη #22β#.,He composed songs: [namely] preludes in 2000 verses.,Natoli (suda.org),,yes,,
Ariphron,23,Paean,8,Athenaeus,,Ath. 15.701f-702b,τὸν εἰς τὴν Ὑγίειαν παιᾶνα ᾄσας τὸν ποιηθέντα ὑπὸ Ἀρίφρονος τοῦ Σικυωνίου τόνδε·,"He sang the paean to Health that was composed by Ariphron of Sicyon, as follows",Campbell,,yes,,
Ariphron,23,Dithyramb,2,Inscription,,I.G. ii 3.1280,"Μνησίμαχος Μνησιστράτου Θεότιμος Διοτίμου ἐχορήγουν, Ἀρίφρων ἐδίδασκεν, Π[ολυχ]άρης Κώμω[ν]ος ἐ[δίδ]ασκεν.","Mnesimachus son of Mnesistratus and Theotimus son of Diotimus were the chorēgoi, Ariphron trained the chorus, and Polychares son of Comon trained the chorus.",Campbell,The inscription is Attic.,no,,
Aristarkhos,9,Dithyramb,2,Inscription,,IG I (3rd edition) 960,"Αἰγηῒς ἐνίκα. Πυθόδωρος Ἐπιζήλο ἐχορήγε, Ἀρίσταρχος ἐδίδασκε, Χαρίας ἦρχ[ε].","[The Athenian tribe] Aegeis won. Pythodorus the son of Epizelus was choregos, Aristarchus taught [the chorus], Charias was archon.",Driscoll,,no,,
Aristotle,31,Elegy,3,Olympiodorus,,Olympiod. in Plat. Gorg. (p. 215 Westerink),"οὐ μόνον δὲ ἐγκώμιον ποιήσας αὐτοῦ ἐπαινεῖ αὐτόν, ἀλλὰ καὶ ἐν τοῖς ἐλεγείοις τοῖς πρὸς Εὔδημον αὐτὸν ἐπαινῶν Πλάτωνα ἐγκωμιάζει, γράφων οὕτως·","Not only does Aristotle praise Plato in the encomium he composed on him, but he also delivers an encomium on him in the elegiacs addressed to Eudemus when he is praising the latter;",Campbell,,yes,,
Aristotle,31,Enkomion,4,Olympiodorus,,Olympiod. in Plat. Gorg. (p. 215 Westerink),"οὐ μόνον δὲ ἐγκώμιον ποιήσας αὐτοῦ ἐπαινεῖ αὐτόν, ἀλλὰ καὶ ἐν τοῖς ἐλεγείοις τοῖς πρὸς Εὔδημον αὐτὸν ἐπαινῶν Πλάτωνα ἐγκωμιάζει, γράφων οὕτως·","Not only does Aristotle praise Plato in the encomium he composed on him, but he also delivers an encomium on him in the elegiacs addressed to Eudemus when he is praising the latter;",Campbell,,yes,,
Aristotle,31,Skolia,12,Athenaeus,,Athen. 15. 696a–697b,"τούτων λεχθέντων ὁ Δημόκριτος ἔφη· ‘ἀλλὰ μὴν καὶ τὸ ὑπὸ τοῦ πολυμαθεστάτου γραφὲν Ἀριστοτέλους εἰς Ἑρμείαν τὸν Ἀταρνέα οὐ παιάν ἐστιν, ὡς ὁ τὴν τῆς ἀσεβείας κατὰ τοῦ φιλοσόφου γραφὴν ἀπενεγκάμενος Δημόφιλος ἐξέδωκε (Bergk: εἰς αἰδωτε codd.) παρασκευασθεὶς ὑπ᾿ Εὐρυμέδοντος, ὡς ἀσεβοῦντος καὶ ᾄδοντος ἐν τοῖς συσσιτίοις ὁσημέραι εἰς Ἑρμείαν παιᾶνα. ὅτι δὲ παιᾶνος οὐδεμίαν ἔμφασιν παρέχει τὸ ᾆσμα ἀλλὰ τῶν σκολίων ἕν τι καὶ αὐτὸ εἶδός ἐστιν ἐξ αὐτῆς τῆς λέξεως φανερὸν ὑμῖν ποιήσω·","When these scolia had been recited, Democritus spoke: ‘What’s more, the poem written by the learned Aristotle for Hermeias of Atarneus is not a paean, as was claimed by Demophilus who, suborned by Eurymedon, brought a charge of impiety against the philosopher, alleging that he displayed impiety by singing a paean to Hermeias every day in the common dining-room. The song in fact shows none of the characteristics of a paean, but belongs to these scolia as a unique type. I shall give you clear proof from the text itself:",Campbell,,yes,,
Aristotle,31,Paean,8,Suda,,Sud. A 3929,"ἐγεννήθη δὲ ἐν τῇ θ´ (i.e. 99th) Ὀλυμπιάδι καὶ ἀπέθανεν ἀκόνιτον πιὼν ἐν Χαλκίδι, διότι ἐκαλεῖτο πρὸς εὐθύνας ἐπειδὴ ἔγραψε παιᾶνα εἰς Ἑρμείαν τὸν εὐνοῦχον·",He was born in the 99th Olympiad (384/380 b.c.) and died in Chalcis after drinking aconite because he was charged with writing a paean for Hermeias the eunuch.,Campbell,,yes,,
Arkhestratos,10,Dithyramb,2,Inscription,,IG II (2nd edition) 3027 = Plut. Arist. 1.4,"Ἀντιοχὶς ἐνίκα, Ἀριστείδης ἐχορήγει, Ἀρχέστρατος ἐδίδασκε.",Antiochis was victorious; Aristides was Choregus [i.e. Choregos]; Archestratus was Poet.,Perrin,The inscription still exists on stone and was quoted by Demetrius of Phaleron (apud Plutarch),yes,,
Arrhibaeus,19,Possibly lyric,31,Suda,,Suda Ε 3695,"ἐτελεύτησε δὲ ὑπὸ ἐπιβουλῆς Ἀρριβαίου τοῦ Μακεδόνος καὶ Κρατεύα τοῦ Θετταλοῦ, ποιητῶν ὄντων καὶ φθονησάντων αὐτῷ...","[Euripides] died owing to a conspiracy by Arrhibaeus of Macedon and Crateuas of Thessaly, who were poets and hostile to him.",Kovacs,Translation from Kovacs' Euripidea,no,,
Asius,99,Elegy,3,Athenaeus,,Ath. 3.125b-e,"“οὐ γὰρ μέλει σοι,” ἔφη ὁ Μυρτίλος, “ἱστορίας, ὦ γάστρων. κνισολοιχὸς γάρ τις εἶ <καὶ> (add. Casaubon) κατὰ τὸν Σάμιον ποιητὴν Ἄσιον τὸν παλαιὸν ἐκεῖνον {καὶ} (del. Casaubon) κνισοκόλαξ . . .” πιόντος οὖν αὐτοῦ πάλιν ἐζήτει ὁ Οὐλπιανός· “ποῦ κεῖται ὁ κνισολοιχὸς καὶ τίνα ἐστὶ τὰ τοῦ Ἀσίου ἔπη τὰ περὶ τοῦ κνισοκόλακος;” “τὰ μὲν οὖν τοῦ Ἀσίου,” ἔφη ὁ Μυρτίλος, “ἔπη ταῦτ᾿ ἐστι· χωλός, στιγματίης, πολυγήραος, ἶσος ἀλήτῃ / ἦλθε κνισοκόλαξ, εὖτε Μέλης ἐγάμει, / ἄκλητος, ζωμοῦ κεχρημένος· ἐν δὲ μέσοισιν / ἥρως εἱστήκει βορβόρου ἐξαναδύς.","“That’s because you have no interest in history, you glutton,” Myrtilus replied. “For you are a fat-licker and, as Asius, that Samian poet of old, puts it, a fat-flatterer. . . .” And so, after Myrtilus had had a drink, Ulpian asked again: “Where is ‘fat-licker’ found and what are the verses of Asius about the ‘fat-flatterer’?” “The verses of Asius,” Myrtilus replied, “are as follows: Lame, tattooed, aged, like a beggar came the fat-flatterer, uninvited and in need of soup, when Meles was getting married; and in their midst he stood, a hero risen from the mud.",Campbell,,no,,
Bacchylides,100.00,Dithyramb,2,Scholiast to Pindar,,Schol. ad Pind. Pyth. 1. 100,"τῇ ἱστορίᾳ καὶ Βακχυλίδης συμφωνεῖ ἐν τοῖς διθυράμβοις, ὅτι δὴ οἱ Ἕλληνες ἐκ Λήμνου μετεστείλαντο τὸν Φιλοκτήτην Ἑλένου μαντευσαμένου.","Bacchylides in his Dithyrambs agrees with this story, that the Greeks removed Philoctetes from Lemnos in accordance with a prophecy of Helenus.",Campbell,,yes,,
Bacchylides,100.00,Epinician,16,Ammonius,,Ammon. Diff. 333,Δίδυμος (p. 300 Schmidt) ὁμοίως ἐν ὑπομνήματι Βακχυλίδου Ἐπινίκων.,"Similarly Didymus in his commentary on the Epinicians of Bacchylides. (Based on the work of Philo of Byblos (c. 100 a.d.). The point at issue is the supposed distinction between ‘the Nereids’ and ‘the daughters of Nereus’; see 1.8, 13.123.)",Campbell,,yes,,
Bacchylides,100.00,Hymn,6,Stobaeus,,Stob. 4. 54. 1,"Βακχυλίδου Ὕμνων· αἰαῖ τέκος ἁμέτερον, / μεῖζον ἢ πενθεῖν ἐφάνη κακόν, ἀφθέγκτοισιν ἶσον.","Bacchylides, Hymns: Alas, my child, an evil has come too great for mourning, like those that cannot be mentioned.",Campbell,,yes,,
Bacchylides,100.00,Hyporchema,22,Stobaeus,,Stob. 3. 11. 19,Βακχυλίδου Ὑπορχημάτων...,"Bacchylides, Dance-songs...",Campbell,,yes,,
Bacchylides,100.00,Paean,8,Pseudo-Plutarch,,[Plut.] Mus. 17. 1136f,"οὐκ ἠγνόει (sc. Πλάτων) δ᾿ ὅτι πολλὰ Δώρια παρθένεια〚ἄλλα〛 Ἀλκμᾶνι καὶ Πινδάρῳ καὶ Σιμωνίδῃ καὶ Βακχυλίδῃ πεποίηται, ἀλλὰ μὴν καὶ ὅτι προσόδια καὶ παιᾶνες.","Plato was well aware that many maiden-songs in the Dorian mode were composed by Alcman, Pindar, Simonides and Bacchylides, in addition to processional-songs and paeans.",Campbell,,yes,,
Bacchylides,100.00,Partheneion,13,Pseudo-Plutarch,,[Plut.] Mus. 17. 1136f,"οὐκ ἠγνόει (sc. Πλάτων) δ᾿ ὅτι πολλὰ Δώρια παρθένεια〚ἄλλα〛 Ἀλκμᾶνι καὶ Πινδάρῳ καὶ Σιμωνίδῃ καὶ Βακχυλίδῃ πεποίηται, ἀλλὰ μὴν καὶ ὅτι προσόδια καὶ παιᾶνες.","Plato was well aware that many maiden-songs in the Dorian mode were composed by Alcman, Pindar, Simonides and Bacchylides, in addition to processional-songs and paeans.",Campbell,,yes,,
Bacchylides,100.00,Prosodion,10,Pseudo-Plutarch,,[Plut.] Mus. 17. 1136f,"οὐκ ἠγνόει (sc. Πλάτων) δ᾿ ὅτι πολλὰ Δώρια παρθένεια〚ἄλλα〛 Ἀλκμᾶνι καὶ Πινδάρῳ καὶ Σιμωνίδῃ καὶ Βακχυλίδῃ πεποίηται, ἀλλὰ μὴν καὶ ὅτι προσόδια καὶ παιᾶνες.","Plato was well aware that many maiden-songs in the Dorian mode were composed by Alcman, Pindar, Simonides and Bacchylides, in addition to processional-songs and paeans.",Campbell,,yes,,
Bakkhiadas,11,Dithyramb,2,Athenaeus,,Ath. 14.629A (including anon. FGE 1844-7 Page) ,"Ἀμφίων δ᾿ ὁ Θεσπιεὺς... ἄγεσθαί φησιν ἐν Ἑλικῶνι παίδων ὀρχήσεις μετὰ σπουδῆς, παρατιθέμενος ἀρχαῖον ἐπίγραμμα τόδε· ""ἀμφότερ᾿, ὠρχεύμην τε καὶ ἐν Μώσαις ἐδίδασκον / ἄνδρας· ὁ δ᾿ αὐλητὰς ἦν Ἄνακος Φιαλεύς. / εἰμὶ δὲ Βακχιάδας Σικυώνιος. ἦ ῥα θεοῖσι / ταῖς Σικυῶνι καλὸν τοῦτ᾿ ἀπέκειτο γέρας.""",Amphion of Thespiae... says that boys danced on Helicon and that the celebrations were taken seriously. He cites the following ancient epigram (anon. FGE 1844–7): I did both—I danced and I trained a men’s chorus in the sanctuary of the Muses; Anacus of Phigaleia played the pipes. I am Bacchiades of Sicyon. I assuredly set money aside for this fine offering to the goddesses in Sicyon.,Olsen,,yes,,
Bakkhiadas,11,Epigram,5,Athenaeus,,Ath. 14.629A (including anon. FGE 1844-7 Page) ,"Ἀμφίων δ᾿ ὁ Θεσπιεὺς... ἄγεσθαί φησιν ἐν Ἑλικῶνι παίδων ὀρχήσεις μετὰ σπουδῆς, παρατιθέμενος ἀρχαῖον ἐπίγραμμα τόδε· ""ἀμφότερ᾿, ὠρχεύμην τε καὶ ἐν Μώσαις ἐδίδασκον / ἄνδρας· ὁ δ᾿ αὐλητὰς ἦν Ἄνακος Φιαλεύς. / εἰμὶ δὲ Βακχιάδας Σικυώνιος. ἦ ῥα θεοῖσι / ταῖς Σικυῶνι καλὸν τοῦτ᾿ ἀπέκειτο γέρας.""",Amphion of Thespiae... says that boys danced on Helicon and that the celebrations were taken seriously. He cites the following ancient epigram (anon. FGE 1844–7): I did both—I danced and I trained a men’s chorus in the sanctuary of the Muses; Anacus of Phigaleia played the pipes. I am Bacchiades of Sicyon. I assuredly set money aside for this fine offering to the goddesses in Sicyon.,Olsen,,yes,,
Callinus,101.00,Elegy,3,Orion,,Lexicon,"εὑρετὴ<ν> δὲ τοῦ ἐλεγείου οἱ μὲν τὸν Ἀρχίλοχον, οἱ δὲ Μίμνερμον, οἱ δὲ Καλλῖνον παλαιότερον.","Some say that the elegiac couplet originated with Archilochus, others with Mimnermus, and others with Callinus at an earlier time.",Gerber,,yes,,
Cedeides,102.00,Dithyramb,2,Scholiast to Aristophanes,,Schol. ad Ar. Nub. 984s,"Κηδείδης (Κηκείδης, Κηκίδης codd.)· διθυράμβων ποιητὴς πάνυ ἀρχαῖος. μέμνηται δὲ αὐτοῦ Κρατῖνος ἐν Πανόπταις (fr. 168 K.-A.).",Cedeides: a very early dithyrambic poet. Cratinus mentions him in his See-alls.,Campbell,,yes,,
Cinesias,4,Dithyramb,2,Suda,,Sud. Π 3225,Κινησίας διθυραμβοποιός· ὃς ἐποίησε πυρρίχην...,Cinesias was a dithyrambic poet; he composed a Pyrrhic dance. . .,Campbell,,yes,,
Corinna,104.00,Epigram,5,Suda,,Sud. K 2087,Κόριννα... λυρική. ἐνίκησε δὲ πεντάκις ὡς λόγος Πίνδαρον. ἔγραψε βιβλία ε΄ καὶ ἐπιγράμματα καὶ νόμους λυρικούς.,Corinna... lyric poetess; said to have defeated Pindar five times; wrote five books and epigrams and lyric nomes.,Campbell,,yes,,
Corinna,104.00,Nome,7,Suda,,Sud. K 2087,Κόριννα... λυρική. ἐνίκησε δὲ πεντάκις ὡς λόγος Πίνδαρον. ἔγραψε βιβλία ε΄ καὶ ἐπιγράμματα καὶ νόμους λυρικούς.,Corinna... lyric poetess; said to have defeated Pindar five times; wrote five books and epigrams and lyric nomes.,Campbell,,yes,,
Corinna,104.00,Unclassified melic,30,Suda,,Sud. K 2087,Κόριννα... λυρική. ἐνίκησε δὲ πεντάκις ὡς λόγος Πίνδαρον. ἔγραψε βιβλία ε΄ καὶ ἐπιγράμματα καὶ νόμους λυρικούς.,Corinna... lyric poetess; said to have defeated Pindar five times; wrote five books and epigrams and lyric nomes.,Campbell,,no,,
Critias,105.00,Elegy,3,Hephaestion,,Hephaest. Ench. 2.3,ὥστε Κριτίας ἐν τῇ εἰς Ἀλκιβιάδην ἐλεγείᾳ οὐκ ᾤετο ἐγχωρεῖν τοῦ Ἀλκιβιάδου τὸ ὄνομα...,As a result Critias in his elegy on Alcibiades did not think that Alcibiades’ name was allowable...,Gerber,,yes,,
Demodocus,107.00,Elegy,3,Aristotle,,Arist. Eth. Nic. 7. 8. 1151a5,"... ὥσπερ τὸ Δημοδόκου εἰς Μιλησίους· ""<καὶ τόδε Δημοδόκου·> Μιλήσιοι ἀξύνετοι μὲν / οὔκ εἰσιν, δρῶσιν δ᾿ οἷά περ ἀξύνετοι.""","... as in what Demodocus said about the Milesians: ""<This too is by Demodocus.> The Milesians are not fools, but they act as fools do.""",Gerber,,no,,
Diagoras,59,Dithyramb,2,Scholiast to Aristophanes,,Schol. ad Ar. Nub. 830c,"Διαγόρας (Hermann: Ἀρισταγόρας cod.) ἐγένετο Μήλιος διθυραμβοποιός, ὃς τὰ ἐν Ἐλευσῖνι μυστήρια ἐξορχησάμενος καὶ ἐξειπὼν ἀσεβέστατος ἐκρίθη. ἀπ᾿ ἐκείνου οὖν τοὺς Μηλίους ἐπὶ ἀσεβείᾳ κωμῳδοῦσιν.","Diagoras was a dithyrambic poet from Melos, who divulged the Eleusinian Mysteries in dance and word and was judged to be a most impious man. That is why they make fun of the Melians for impiety.",Campbell,,yes,,
Diagoras,59.00,Paean,8,Suda,,Sud. Δ 523,"Διαγόρας... ἐπεκλήθη Ἄθεος διότι τοῦτο ἐδόξαζεν, ἀφ᾿ οὗ τις ὁμότεχνος αἰτιαθεὶς ὑπ᾿ αὐτοῦ ὡς δὴ παιᾶνα ἀφελόμενος, ὃν αὐτὸς ἐπεποιήκει, ἐξωμόσατο μὴ κεκλοφέναι τοῦτον, μικρὸν δὲ ὕστερον ἐπιδειξάμενος αὐτὸν εὐημέρησεν.","Diagoras... was called ‘the atheist’, since this was his belief from the day when a fellow-poet, accused by him of stealing a paean which he had composed, denied the theft, but soon after produced the paean successfully as his own work.",Campbell,,yes,,
Dikaiogenes,60,Dithyramb,2,Suda,,Sud. Δ 1064,Δικαιογένης... διθυράμβους ἔγραψεν.,[Dikaiogenes]... wrote... dithyrambs.,Whitehead (Suda online),,yes,,
Dionysius Chalkus,109.00,Elegy,3,Athenaeus,,Ath. 13.602b-c,"ἔχρησεν δὲ καὶ περὶ τῶν ἀμφὶ τὸν Χαρίτωνα, προτάξας τοῦ ἑξαμέτρου τὸ πεντάμετρον, καθάπερ ὕστερον καὶ Διονύσιος ὁ Ἀθηναῖος ἐποίησε ὁ ἐπικληθεὶς Χαλκοῦς ἐν τοῖς ἐλεγείοις.","Apollo also gave an oracle concerning Chariton and those about him, placing the pentameter before the hexameter, just as was later done by the Athenian Dionysius, called Chalcus, in his elegies.",Gerber,,yes,,
Diphilos,63,Iambos,11,Scholiast to Pindar,,Schol. ad Pind. Ol. 10.83b,"Σῆμον δέ τινα νῦν νενικηκέναι ἅρματι, ὥς φησι Δίφιλος ὁ τὴν Θησηίδα ποιήσας ἔν τινι ἰάμβῳ (vv. ll. ἰάμῳ, ἰαμβείῳ) οὕτω...","A certain Semus had won with the chariot, as Diphilus, the author of a Theseis, says in the following iambics...",Gerber,,yes,,
Echembrotus,111.00,Elegy,3,Pausanius,,Paus. 10.7.4–6,"ἀνηγορεύθησαν δὲ νικῶντες Κεφαλλήν τε Μελάμπους (Boeckh: ὃς λάμποι, ὁ λάμπου codd.) κιθαρῳδίᾳ, καὶ αὐλῳδὸς Ἀρκὰς Ἐχέμβροτος, Σακάδας δὲ Ἀργεῖος ἐπὶ τοῖς αὐλοῖς... δευτέρᾳ δὲ πυθιάδι . . .αὐλῳδίαν τε κατέλυσαν, καταγνόντες οὐκ εἶναι τὸ ἄκουσμα εὔφημον· ἡ γὰρ αὐλωδία μέλη τε ἦν αὐλῶν τὰ σκυθρωπότατα καὶ ἐλεγεῖα [θρῆνοι] προσᾳδόμενα τοῖς αὐλοῖς.","The winners [of the Pythian Games' musical constests] they proclaimed were Melampus of Cephallenia in cithara-song, Echembrotus of Arcadia in pipe-song, Sacadas of Argos in pipe-playing... But at the second Pythian Games . . . they abolished the pipe-singing, judging its sound inauspicious: for pipe-singing consisted of the gloomiest pipe-music and elegiacs sung to the pipes.",Campbell,,yes,,
Euenos,65,Elegy,3,Harpocration,,Harpocr. s.v.,"δύο ἀναγράφουσιν Εὐήνους ἐλεγείων ποιητὰς ὁμωνύμους ἀλλήλοις, καθάπερ Ἐρατοσθένης ἐν τῷ περὶ χρονογραφιῶν (FGrHist 241 F 3), ἀμφοτέρους λέγων Παρίους εἶναι, γνωρίζεσθαι δέ φησι τὸν νεώτερον μόνον. μέμνηται δὲ θατέρου αὐτῶν καὶ Πλάτων.","Two elegiac poets named Euenus are recorded, according to Eratosthenes in his work On Annals who says that they were both from Paros, but that only the younger was well-known. One of them is mentioned by Plato (see testt. 5–7).",Gerber,,yes,,
Euenos,65,Iambos,11,Plato,,Pl. Phaedr. 267a,"οἱ δ᾿ αὐτὸν καὶ παραψόγους φασὶν ἐν μέτρῳ λέγειν, μνήμης χάριν—· σοφὸς γὰρ ἀνήρ.","and some say that he also put into verse, as an aid to memory, incidental censure; for he is a clever man.",Gerber,,no,,
Eumelos #1,112.00,Prosodion,10,Pausanius,,Paus. 4.33.2,τεκμαίρεσθαι δ᾿ ἔστιν ἄλλοις τε καὶ Εὐμήλου τοῖς ἔπεσιν· ἐποίησε γοῦν καὶ τάδε ἐν τῷ προσοδίῳ τῷ ἐς Δῆλον...,This can be proved by the lines of Eumelus among other things: at any rate he wrote the following in his Processional Hymn to Delos...,Campbell,,yes,,
Eunicus,113.00,Elegy,3,,,,,,,,,,
Euripides,114.00,Enkomion,4,Plutarch,,Plut. Vit. Demosth. 1. 1,"ὁ μὲν γράψας τὸ ἐπὶ τῇ νίκῃ τῆς Ὀλυμπίασιν ἱπποδρομίας εἰς Ἀλκιβιάδην ἐγκώμιον, εἴτ᾿ Εὐριπίδης, ὡς ὁ πολὺς κρατεῖ λόγος, εἴθ᾿ ἕτερός τις ἦν, ὦ Σόσσιε Σενεκίων, φησὶ χρῆναι τῷ εὐδαίμονι πρῶτον ὑπάρξαι τὰν πόλιν εὐδόκιμον.","The writer of the encomium for Alcibiades on his victory in the chariot-racing at Olympia, whether it was Euripides, as is generally held, or some other, says, Sosius Senecio, that the happy man must in the first place belong to a city of high repute.",Campbell,,yes,,
Euripides,114.00,Epigram,5,Athenaeus,,2.61.ab,Ἐπαρχίδης (F. Gr. H. 437 F2) Εὐριπίδην φησὶ τὸν ποιητὴν ἐπιδημῆσαι τῇ Ἰκάρῳ καὶ... ποιῆσαι τουτὶ τὸ ἐπίγραμμα...,Eparchides says that the poet Euripides made a visit to the island of Icarus and... he composed this epigram...,Campbell,,yes,,
Euripides,114.00,Epinician,16,Plutarch,,Plut. Vit. Alc. 11,"λέγει δ᾿ Εὐριπίδης ἐν τῷ ᾄσματι ταῦτα· σὲ δ᾿ ἄγαμαι, / ὦ Κλεινίου παῖ· καλὸν ἁνίκα, / κάλλιστον δ᾿, ὃ μηδεὶς ἄλλος Ἑλλάνων, / ἅρματι πρῶτα δραμεῖν καὶ δεύτερα καὶ τρίτα<τα>, / βῆναί τ᾿ ἀπονητὶ Διὸς στεφθέντ᾿ ἐλαίᾳ / κάρυκι βοὰν παραδοῦναι.","This is what Euripides says in his song [for Alcibiades' victory at Delphi]: / But of you, son of Cleinias, I stand in awe: victory is a fine thing, but finest of all to do what no other Greek has done, to run first and second and third with the chariot and arrive without labour, wreathed with the olive of Zeus, to provide the theme for the herald’s cry.",Campbell,,no,,
Euripides,114.00,Lament,24,Plutarch,,Plut. Vit. Nic. 17. 4,"ὁ μὲν γὰρ Εὐριπίδης μετὰ τὴν ἧτταν αὐτῶν καὶ τὸν ὄλεθρον γράφων ἐπικήδειον ἐποίησεν· οἵδε Συρακοσίους ὀκτὼ νίκας ἐκράτησαν / ἄνδρες, ὅτ᾿ ἦν τὰ θεῶν ἐξ ἴσου ἀμφοτέροις.","For Euripides, writing a lament1 after their defeat and destruction, said: These men won eight victories over the Syracusans, while / the gods showed equal favour to both sides.",Campbell,,yes,,
Euripides,114,Besides tragedy,32,,,,,,,,,,
Gnesippos,12,Unclassified melic,2,Epicrates,,Epicr. Antilais fr. 4 = Athen. 13. 605e,"τἀρωτίκ᾿ ἐκμεμάθηκα ταῦτα παντελῶς / Σαπφοῦς, Μελήτου, Κλεομένους, Λαμυνθίου.","I have thoroughly learned all these love-songs by Sappho, Meletus, Cleomenes and Lamynthius.",Campbell,,no,,
Hermippus,115.00,Iambos,11,Athenaeus,,Ath. 3.76c,μνημονεύει δ᾿ αὐτῆς Ἕρμιππος ἐν Ἰάμβοις οὕτως...,"Hermippus mentions it in his Iambs (iamb. fr. 2 West), as follows...",Olson,,yes,,
Hermippus,115,Besides comedy,32,,,,,,,,,,
Hippias,71,Elegy,3,Pausanius,,Paus. 5.25.3,χρόνῳ δὲ ὕστερον Ἱππίας ὁ λεγόμενος ὑπὸ Ἑλλήνων γενέσθαι σοφὸς τὰ ἐλεγεῖα ἐπ᾿ αὐτοῖς ἐποίησεν.,"but afterwards Hippias, called “a sage” by the Greeks, composed the elegiac verses on them [statues dedicated at Olympia].",Jones,,yes,,
Hippias,71,Dithyramb,2,Plato,,Pl. Hipp. Minor 368c-d,"ἔφησθα... καὶ ἔπη καὶ τραγῳδίας καὶ διθυράμβους, καὶ καταλογάδην πολλοὺς λόγους Dκαὶ παντοδαποὺς συγκειμένους.","And in addition you said that you brought with you poems, both epics and tragedies and dithyrambs, and many writings of all sorts composed in prose.",Fowler,,yes,,
Hipponax,116.00,Iambos,11,Clement of Alexandria,,Clem. Al. Strom. 1.79.1,"ἴαμβον μὲν ἐπενόησεν Ἀρχίλοχος ὁ Πάριος, χωλὸν δὲ ἴαμβον Ἱππῶναξ ὁ Ἐφέσιος, καὶ τραγῳδίαν μὲν Θέσπις ὁ Ἀθηναῖος, κωμῳδίαν δὲ Σουσαρίων ὁ Ἰκαριεύς.","Archilochus of Paros developed the iambus, Hipponax of Ephesus the limping iamb, Thespis of Athens tragedy, Susarion of Icaria comedy.",Storey,limping iambs',yes,,
Hybrias,159,Skolia,12,Athenaeus,,Ath. 14.695f,σκόλιον δέ φασί τινες καὶ τὸ ὑπὸ Ὑβρίου τοῦ Κρητὸς ποιηθέν. ,Some authorities also refer to the poem by Hybrias of Crete (PMG 909) as a skolion.,Campbell,,yes,,
Ibycus,117.00,Unclassified melic,30,,,,,,,,,,
Ion of Chios,55.00,Dithyramb,2,Scholiast to Aristophanes,,Schol. ad Ar. Pax 832ss.,Ἴων ὁ Χῖος· διθυράμβων ποιητὴς καὶ τραγῳδίας καὶ μελῶν.,"Ion of Chios: composer of dithyrambs, tragedy and lyric poems.",Campbell,,yes,,
Ion of Chios,55.00,Elegy,3,Scholiast to Aristophanes,,Schol. ad Ar. Pax 832ss.,"Ἴων ὁ Χῖος... ἔγραψε δὲ καὶ κωμῳδίας καὶ ἐπιγράμματα καὶ παιᾶνας καὶ ὕμνους καὶ σκολιὰ καὶ ἐγκώμια καὶ ἐλεγεῖα, καὶ καταλογάδην τὸν πρεσβευτικὸν λεγόμενον, ὃν νόθον ἀξιοῦσιν εἶναί τινες καὶ οὐχὶ αὐτοῦ.","Ion of Chios... wrote comedies, epigrams, paeans, hymns, drinking-songs, encomia, elegiac poems, and in prose the work called Account of the Embassy, which some believe to be spurious.",Campbell,,yes,,
Ion of Chios,55.00,Enkomion,4,Scholiast to Aristophanes,,Schol. ad Ar. Pax 832ss.,"Ἴων ὁ Χῖος... ἔγραψε δὲ καὶ κωμῳδίας καὶ ἐπιγράμματα καὶ παιᾶνας καὶ ὕμνους καὶ σκολιὰ καὶ ἐγκώμια καὶ ἐλεγεῖα, καὶ καταλογάδην τὸν πρεσβευτικὸν λεγόμενον, ὃν νόθον ἀξιοῦσιν εἶναί τινες καὶ οὐχὶ αὐτοῦ.","Ion of Chios... wrote comedies, epigrams, paeans, hymns, drinking-songs, encomia, elegiac poems, and in prose the work called Account of the Embassy, which some believe to be spurious.",Campbell,,yes,,
Ion of Chios,55.00,Epigram,5,Scholiast to Aristophanes,,Schol. ad Ar. Pax 832ss.,"Ἴων ὁ Χῖος... ἔγραψε δὲ καὶ κωμῳδίας καὶ ἐπιγράμματα καὶ παιᾶνας καὶ ὕμνους καὶ σκολιὰ καὶ ἐγκώμια καὶ ἐλεγεῖα, καὶ καταλογάδην τὸν πρεσβευτικὸν λεγόμενον, ὃν νόθον ἀξιοῦσιν εἶναί τινες καὶ οὐχὶ αὐτοῦ.","Ion of Chios... wrote comedies, epigrams, paeans, hymns, drinking-songs, encomia, elegiac poems, and in prose the work called Account of the Embassy, which some believe to be spurious.",Campbell,,yes,,
Ion of Chios,55.00,Hymn,6,Scholiast to Aristophanes,,Schol. ad Ar. Pax 832ss.,"Ἴων ὁ Χῖος... ἔγραψε δὲ καὶ κωμῳδίας καὶ ἐπιγράμματα καὶ παιᾶνας καὶ ὕμνους καὶ σκολιὰ καὶ ἐγκώμια καὶ ἐλεγεῖα, καὶ καταλογάδην τὸν πρεσβευτικὸν λεγόμενον, ὃν νόθον ἀξιοῦσιν εἶναί τινες καὶ οὐχὶ αὐτοῦ.","Ion of Chios... wrote comedies, epigrams, paeans, hymns, drinking-songs, encomia, elegiac poems, and in prose the work called Account of the Embassy, which some believe to be spurious.",Campbell,,yes,,
Ion of Chios,55.00,Paean,8,Scholiast to Aristophanes,,Schol. ad Ar. Pax 832ss.,"Ἴων ὁ Χῖος... ἔγραψε δὲ καὶ κωμῳδίας καὶ ἐπιγράμματα καὶ παιᾶνας καὶ ὕμνους καὶ σκολιὰ καὶ ἐγκώμια καὶ ἐλεγεῖα, καὶ καταλογάδην τὸν πρεσβευτικὸν λεγόμενον, ὃν νόθον ἀξιοῦσιν εἶναί τινες καὶ οὐχὶ αὐτοῦ.","Ion of Chios... wrote comedies, epigrams, paeans, hymns, drinking-songs, encomia, elegiac poems, and in prose the work called Account of the Embassy, which some believe to be spurious.",Campbell,,yes,,
Ion of Chios,55.00,Skolia,12,Scholiast to Aristophanes,,Schol. ad Ar. Pax 832ss.,"Ἴων ὁ Χῖος... ἔγραψε δὲ καὶ κωμῳδίας καὶ ἐπιγράμματα καὶ παιᾶνας καὶ ὕμνους καὶ σκολιὰ καὶ ἐγκώμια καὶ ἐλεγεῖα, καὶ καταλογάδην τὸν πρεσβευτικὸν λεγόμενον, ὃν νόθον ἀξιοῦσιν εἶναί τινες καὶ οὐχὶ αὐτοῦ.","Ion of Chios... wrote comedies, epigrams, paeans, hymns, drinking-songs, encomia, elegiac poems, and in prose the work called Account of the Embassy, which some believe to be spurious.",Campbell,,yes,,
Ion of Samos,72,Elegy,3,Inscription,,CEG 819.iii,ἐξάμο ἀμφιρύτ[ας] τεῦξε ἐλεγεῖον Ἴων,Ion of sea-girt Samos composed these elegiacs.,Fantuzzi,,yes,,Aspiotes
Kastorion,33,Unclassified melic,30,,,,,,,,,,
Kastorion,33,Hymn,6,Athenaeus,,Ath. 10.455a,"τὸ δὲ Καστορίωνος τοῦ Σολέως, ὡς ὁ Κλέαρχός φησιν, εἰς τὸν Πᾶνα ποίημα τοιοῦτόν ἐστι...","According to Clearchus (fr. 88 Wehrli), Castorion of Soli’s poem in honor of Pan (SH 310) is composed in the following way.",Campbell,,no,,
Kinesias,14,Dithyramb,2,Pherecrates,,Pherecr. fr. 155 = [Plut.] Mus. 30. 1141e-f,"Κινησίας δέ <μ᾿> ὁ κατάρατος Ἀττικός, / ἐξαρμονίους καμπὰς ποιῶν ἐν ταῖς στροφαῖς / ἀπολώλεχ᾿ οὕτως ὥστε τῆς ποιήσεως / τῶν διθυράμβων, καθάπερ ἐν ταῖς ἀσπίσιν, / ἀριστέρ᾿ αὐτοῦ φαίνεται τὰ δεξιά.","Cinesias on the other hand, that damned Athenian, has so damaged me with the exharmonic twists he makes within his strophes that just as in shields you can’t tell his right from his left when he composes his dithyrambs.",Campbell,,yes,,
Kleitagora,75,Possibly lyric,31,Scholiast to Aristophanes,,Schol. ad Ar. Vesp. 1238a,αὕτη γυνὴ ποιήτρια Θετταλή,The woman [Kleitagora] was a poetess from Thessaly.,Campbell,,no,,
Kleomenes,76,Dithyramb,2,Athenaeus,,Athen. 9. 402a,... πάλαι γὰρ τυγχάνω ἀνεγνωκὼς τοὺς Κλεομένους τοῦ Ῥηγίνου διθυράμβους.,...  a long time ago I read the dithyrambs of Cleomenes of Rhegium.,Campbell,,yes,,
Kleomenes,76,Unclassified melic,30,Epicrates,,Epicr. Antilais fr. 4 = Athen. 13. 605e,"τἀρωτίκ᾿ ἐκμεμάθηκα ταῦτα παντελῶς / Σαπφοῦς, Μελήτου, Κλεομένους, Λαμυνθίου.","I have thoroughly learned all these love-songs by Sappho, Meletus, Cleomenes and Lamynthius.",Campbell,,no,,
Krateuas,20.00,Possibly lyric,31,Suda,,Suda E 3695,"ἐτελεύτησε δὲ ὑπὸ ἐπιβουλῆς Ἀρριβαίου τοῦ Μακεδόνος καὶ Κρατεύα τοῦ Θετταλοῦ, ποιητῶν ὄντων καὶ φθονησάντων αὐτῷ...","[Euripides] died owing to a conspiracy by Arrhibaeus of Macedon and Crateuas of Thessaly, who were poets and hostile to him.",Kovacs,,no,,
Lamprocles,119.00,Dithyramb,2,Athenaeus,,Ath. 11. 491c,Λαμπροκλῆς δ᾿ ὁ διθυραμβοποιὸς καὶ ῥητῶς αὐτὰς (sc. τὰς Πλειάδας) εἶπεν ὁμωνυμεῖν ταῖς περιστεραῖς ἐν τούτοις...,"Lamprocles, the dithyrambic poet, said expressly that the Pleiades have the same name as the pigeons in these lines...",Campbell,,yes,,
Lamprocles,119.00,Hymn,6,Scholiast to Aristophanes,,Schol. ad Ar. Nub. 967,"Παλλάδα περσέπολιν δεινάν· ἀρχὴ ᾄσματος Στησιχόρου (van Leeuwen: Φρυνίχου cod. R), ὡς Ἐρατοσθένης φησίν. Φρύνιχος δὲ αὐτοῦ τούτου τοῦ ᾄσματος μνημονεύει ὡς Λαμπροκλέους ὄντος.","‘Pallas, sacker of cities, the grim’: the beginning of a song of Stesichorus, as Eratosthenes says. Phrynichus mentions this same song as being by Lamprocles.",Campbell,,yes,,
Lamynthios,28,Unclassified melic,30,Photius,,Phot. s.v.,Λαμύνθιος· ποιητὴς ἐρωτικῶν μελῶν.,Lamynthius: composer of love-songs.,Campbell,,no,,
Lasus,121.00,Dithyramb,2,Suda,,Suda Λ 139,Λάσος... πρῶτος δὲ οὗτος περὶ μουσικῆς λόγον ἔγραψε καὶ διθύραμβον εἰς ἀγῶνα (διθυραμβώδεις ἀγωγὰς Garrod) εἰσήγαγε καὶ τοὺς ἐριστικοὺς εἰσηγήσατο λόγους.,"Lasus... was the first to write a treatise on music, to make the dithyramb competitive and to introduce wrangling arguments.",Campbell,,yes,,
Leotrophides,77,Dithyramb,2,Aristophanes,,Ar. Av. 1405-7,"βούλει διδάσκειν καὶ παρ᾿ ἡμῖν οὖν μένων / Λεωτροφίδῃ χορὸν πετομένων ὀρνέων, / Κρεκοπίδα φυλήν;","Do you want to stay here with us, then, and train Leotrophides a chorus of flying birds, Corn-crake tribe?",Campbell,,no,,
Licymnius,3,Dithyramb,2,Aristotle,,Arist. Rhet. 3. 12. 1413b,"βαστάζονται δὲ οἱ ἀναγνωστικοί, οἷον Χαιρήμων (ἀκριβὴς γὰρ ὥσπερ λογογράφος) καὶ Λικύμνιος τῶν διθυραμβοποιῶν.","The popular poets are those who can be read, for example... Licymnius among dithyrambic poets.",Campbell,,yes,,
Melanippides,158,Dithyramb,2,Suda,,Sud. M 454,"Μελανιππίδης, θυγατριδοῦς τοῦ πρεσβυτέρου, παῖς δὲ Κρίτωνος, λυρικοῦ καὶ αὐτοῦ· ὃς ἐν τῇ τῶν διθυράμβων μελοποιΐᾳ ἐκαινοτόμησε πλεῖστα...","Melanippides, grandson of the elder Melanippides, son of Criton who was himself a lyric poet. In the music for his dithyrambs he made many innovations.",Campbell,,yes,,
Melanippides,158,Unclassified melic,30,Suda,,Sud. M 455,ἔγραψε καὶ αὐτὸς ᾄσματα λυρικὰ καὶ διθυράμβους.,He too wrote lyric poetry and dithyrambs.,Campbell,,yes,,
Melanthios,91,Elegy,3,Plutarch,,Plut. Vit. Cim. ,καὶ γὰρ Ἀστερίας τῷ γένει Σαλαμινίας καὶ πάλιν Μνήστρας τινὸς ὁ ποιητὴς Μελάνθιος μνημονεύει πρὸς τὸν Κίμωνα παίζων δι᾿ ἐλεγείας.,"Asteria, of a Salaminian family, and a certain Mnestra are mentioned by the poet Melanthius, in a sportive elegy addressed to Cimon.",Perrin,,yes,,
Meletos #1,53,Skolia,12,Suda,,Sud. M 495,"Μέλητος: τραγῳδίας ποιητὴς ὑπόψυχρος. καὶ Ἀριστοφάνης: σκολιὰ Μελήτου, Καρικῶν αὐλημάτων.","[Meletos]: A frigid poet of tragedy. And Aristophanes [says]: ""[of] drinking-songs of Meletos and of his Carian pipe-pieces.""",Winfrey (Suda online),,yes,"The note for our suda entry reads: ""Aristophanes, Frogs 1302 (here slightly misquoted), with comment from the scholia there; again at sigma 642. See generally OCD4 Meletus(1). Despite what is said here, this Meletos was the homonymous father of Socrates' accuser (mu 496).""","Suda M 495: τραγῳδίας ποιητὴς ὑπόψυχρος. καὶ Ἀριστοφάνης: σκολιὰ Μελήτου, Καρικῶν αὐλημάτων. οὗτός ἐστιν ὁ Σωκράτην γραψάμενος. κωμῳδεῖται δὲ ὡς ψυχρὸς ἐν τῇ ποιήσει καὶ ὡς πονηρὸς τὸν τρόπον. τὰ δὲ Καρικὰ αὐλήματα καὶ μέλη θρηνώδη ἦσαν. ""A frigid poet of tragedy. And Aristophanes [says]: ""[of] drinking-songs of Meletos and of his Carian pipe-pieces."" This man is he who indicted Socrates. He is satirized in comedy for being frigid in his poetry and for being wicked in his way of life. His Carian pipe-pieces and melodies were fit for a dirge."" (trans. Bobbiejo Winfrey)"
Mimnermus,122.00,Elegy,3,Suda,,Sud. M 1077,Μίμνερμος... ἐλεγειοποιός.,Mimnermus... an elegiac poet.,Gerber,,yes,,
Myrtis,123.00,Unclassified melic,30,Plutarch,,Plut. Qu. Gr. 40,. . . ὡς Μυρτὶς ἡ Ἀνθηδονία ποιήτρια μελῶν ἱστόρηκε.,"... as Myrtis, the lyric poetess from Anthedon, has told.",Campbell,,no,,
Niko-,15,Dithyramb,2,Inscription,,IG I2 768,ΚΑΛΛΙ Ι - - / ΧΟΡΕΓ[ΩΝ - -] / ΚΕΚΡΟ[ΠΊΔΙ - - -] / ΝΙΚΟ[- - ΕΔΊΔΑΣΚΕ;],Kalli...of the choruses...(in the land of) Kekrops...Niko...(produced),Sansom,,yes,,
Nikostratos,16,Dithyramb,2,Inscription,,IG I2 769,ΝΙΚΌΣΤΡΑΤΟΣ / ΕΔΊΔΑΣΚΕ,Nikostratos produced,Sansom,,yes,,
Olympus,124.00,Nome,7,Pseudo-Plutarch,,[Plut.] Mus. 7. 1133d,"λέγεται γὰρ τὸν προειρημένον Ὄλυμπον, αὐλητὴν ὄντα τῶν ἐκ Φρυγίας, ποιῆσαι νόμον αὐλητικὸν εἰς Ἀπόλλωνα τὸν καλούμενον Πολυκέφαλον","The above-mentioned Olympus, one of the pipers from Phrygia, is said to have composed a pipe tune for Apollo, the so-called Many-headed nome.",Campbell,,yes,,
Pantakles,17,Dithyramb,2,Antiphon,,Antiph. ΠΕΡΙ ΤΟΥ ΧΟΡΕΥΤΟΥ (11),Ἐπειδὴ χορηγὸς κατεστάθην εἰς Θαργήλια καὶ ἔλαχον Παντακλέα διδάσκαλον καὶ Κεκροπίδα φυλὴν πρὸς τῇ ἐμαυτοῦ...,"When I was appointed Choregus for the Thargelia, Pantacles falling to me as poet and the Cecropid as the tribe that went with mine... (... the Thargelia [was] held in honour of Apollo and celebrated on the 7th of Thargelion (May 1st) by a competition between choirs of boys selected from the ten tribes, which were grouped in pairs for the purpose).",Maidment,,yes,,
Philiadas,126.00,Epigram,5,Stephanus of Byzantium,,Steph. Byz.,"Θέσπεια, πόλις Βοιωτίας . . . καὶ ἐπίγραμμα τῶν ἀναιρεθέντων ὑπὸ τῶν Περσῶν· ἦν δὲ Φιλιάδου Μεγαρέως.","Thespeia, a city in Boeotia . . . And there is an epigram on those killed by the Persians. It was by Philiadas of Megara.",Gerber,,yes,,
Philoxenus of Cythera,24,Dithyramb,2,Suda,,Sud. Φ 393,Φιλόξενος Κυθήριος... ἔγραψε διθυράμβους κδ΄.,Philoxenus of Cythera... wrote 24 dithyrambs.,Campbell,,yes,,
Philoxenus of Leucas,25,Dithyramb,2,Athenaeus,,Athen. 15. 685d,Φιλόξενος δ᾿ ὁ διθυραμβοποιὸς ἐν τῷ ἐπιγραφομένῳ Δείπνῳ ἀρχὴν ποιεῖται τὸν στέφανον τῆς εὐωχίας οὑτωσὶ λέγων.,Philoxenus the dithyrambic poet in his work entitled The Banquet makes the garland the beginning of the feast in these words...,Campbell,,yes,,Ath. 15.685d: Philoxenus the dithyrambic poet in his work entitled The Banquet...
Phocylides,127.00,Elegy,3,Suda,,Sud. Φ 643,"Φωκυλίδης... ἔγραψεν ἔπη καὶ ἐλεγείας, παραινέσεις ἤτοι γνώμας.",Phocylides wrote hexameters and elegies containing admonitions or maxims.,Gerber,,yes,,
Phrynichos,81,Dithyramb,2,Scholiast to Aristophanes,,Schol. ad Ar. Av. 749,"τέσσαρες δὲ ἐγένοντο Φρύνιχοι. ὁ μὲν εἷς οὗ νῦν μνημονεύει, Πολυφράδμονος παῖς, ποιητὴς ἡδὺς ἐν τοῖς μέλεσιν.","There were four men named Phrynichus. The first is the one he mentions here, the son of Polyphradmon, a poet of sweet choral songs.",Storey,,no,,
Phrynis,5,Nome,7,Pseudo-Plutarch,,[Plut.] Mus. 6. 1133b,τὸ δ᾿ ὅλον ἡ μὲν κατὰ Τέρπανδρον κιθαρῳδία καὶ μέχρι τῆς Φρύνιδος ἡλικίας παντελῶς ἁπλῆ τις οὖσα διετέλει... ἐν γὰρ τοῖς νόμοις ἑκάστῳ διετήρουν τὴν οἰκείαν τάσιν.,"To put it briefly, cithara-singing in the style of Terpander continued to be completely simple right down to the time of Phrynis... in each of the nomes they kept to the pitch that belonged to it.",Campbell,,no,,
Pindar,149,Dithyramb,2,Strabo,,"Strabo 10.3.13 (P. Oxy. 1604 (13, 1919))","Πίνδαρος ἐν τῷ διθυράμβῳ οὗ ἡ ἀρχή· πρὶν διθυράμβων, μνησθεὶς τῶν περὶ τὸν Διόνυσον ὕμνων τῶν τε παλαιῶν καὶ τῶν ὕστερον, μεταβὰς ἀπὸ τούτων φησί· σοὶ μὲν κατάρχειν, μᾶτερ μεγάλα, πάρα ῥόμβοι κυμβάλων· ἐν δὲ καχλάδων κρόταλ᾿, αἰθομένα τε δᾲς ὑπὸ ξανθαῖσι πεύκαις.","Same papyrus. Strabo, Geography of Greece. “In the dithyrambwhich begins ‘In the past,’ Pindar, after mentioning both earlier and later hymns on the subject of Dionysus, moves on from them and says: ‘Great Mother, the whirlings of tambourines are at hand to lead off, and there too castanets clang and the blazing torch beneath the yellow pine trees.’”",Race,,yes,,
Pindar,149,Epigram,5,Suda,,Sud. Π 1617,"ἔγραψε δὲ ἐν βιβλίοις ιζ Δωρίδι διαλέκτῳ ταῦτα: Ὀλυμπιονίκας, Πυθιονίκας, Προσόδια, Παρθένια, Ἐνθρονισμούς, Βακχικά, Δαφνηφορικά, Παιᾶνας, Ὑπορχήματα, Ὕμνους, Διθυράμβους, Σκολιά, Ἐγκώμια, Θρήνους, δράματα τραγικὰ ιζ, ἐπιγράμματα ἐπικὰ καὶ καταλογάδην παραινέσεις τοῖς Ἕλλησι, καὶ ἄλλα πλεῖστα.","He (Pindar) wrote 17 books in the Doric dialect as follows: Olympian Victory Odes, Pythian Victory Odes, Prosodia, Virgins' Songs, Coronation Songs, Bacchic Songs, Songs for Apollo of the Laurel, Paeans, Hyporchemes, Hymns, Dithyrambs, Drinking Songs, Encomia, Laments, 17 tragic dramas, epigrams in epic meter and praises in prose for the Greeks, and very many other works.",Roth,,yes,,
Pindar,149,Skolia,12,Suda,,Sud. Π 1617,"ἔγραψε δὲ ἐν βιβλίοις ιζ Δωρίδι διαλέκτῳ ταῦτα: Ὀλυμπιονίκας, Πυθιονίκας, Προσόδια, Παρθένια, Ἐνθρονισμούς, Βακχικά, Δαφνηφορικά, Παιᾶνας, Ὑπορχήματα, Ὕμνους, Διθυράμβους, Σκολιά, Ἐγκώμια, Θρήνους, δράματα τραγικὰ ιζ, ἐπιγράμματα ἐπικὰ καὶ καταλογάδην παραινέσεις τοῖς Ἕλλησι, καὶ ἄλλα πλεῖστα.","He (Pindar) wrote 17 books in the Doric dialect as follows: Olympian Victory Odes, Pythian Victory Odes, Prosodia, Virgins' Songs, Coronation Songs, Bacchic Songs, Songs for Apollo of the Laurel, Paeans, Hyporchemes, Hymns, Dithyrambs, Drinking Songs, Encomia, Laments, 17 tragic dramas, epigrams in epic meter and praises in prose for the Greeks, and very many other works.",Roth,,yes,,
Pindar,149,Lament,24,Suda,,Sud. Π 1617,"ἔγραψε δὲ ἐν βιβλίοις ιζ Δωρίδι διαλέκτῳ ταῦτα: Ὀλυμπιονίκας, Πυθιονίκας, Προσόδια, Παρθένια, Ἐνθρονισμούς, Βακχικά, Δαφνηφορικά, Παιᾶνας, Ὑπορχήματα, Ὕμνους, Διθυράμβους, Σκολιά, Ἐγκώμια, Θρήνους, δράματα τραγικὰ ιζ, ἐπιγράμματα ἐπικὰ καὶ καταλογάδην παραινέσεις τοῖς Ἕλλησι, καὶ ἄλλα πλεῖστα.","He (Pindar) wrote 17 books in the Doric dialect as follows: Olympian Victory Odes, Pythian Victory Odes, Prosodia, Virgins' Songs, Coronation Songs, Bacchic Songs, Songs for Apollo of the Laurel, Paeans, Hyporchemes, Hymns, Dithyrambs, Drinking Songs, Encomia, Laments, 17 tragic dramas, epigrams in epic meter and praises in prose for the Greeks, and very many other works.",Roth,,yes,,
Pindar,149,Prosodion,10,Pseudo-Plutarch,,[Plut.] Mus. 17. 1136f,"οὐκ ἠγνόει (sc. Πλάτων) δ᾿ ὅτι πολλὰ Δώρια παρθένεια〚ἄλλα〛 Ἀλκμᾶνι καὶ Πινδάρῳ καὶ Σιμωνίδῃ καὶ Βακχυλίδῃ πεποίηται, ἀλλὰ μὴν καὶ ὅτι προσόδια καὶ παιᾶνες.","Plato was well aware that many maiden-songs in the Dorian mode were composed by Alcman, Pindar, Simonides and Bacchylides, in addition to processional-songs and paeans.",Campbell,,yes,,
Pindar,149,Paean,8,Pseudo-Plutarch,,[Plut.] Mus. 17. 1136f,"οὐκ ἠγνόει (sc. Πλάτων) δ᾿ ὅτι πολλὰ Δώρια παρθένεια〚ἄλλα〛 Ἀλκμᾶνι καὶ Πινδάρῳ καὶ Σιμωνίδῃ καὶ Βακχυλίδῃ πεποίηται, ἀλλὰ μὴν καὶ ὅτι προσόδια καὶ παιᾶνες.","Plato was well aware that many maiden-songs in the Dorian mode were composed by Alcman, Pindar, Simonides and Bacchylides, in addition to processional-songs and paeans.",Campbell,,yes,,
Pindar,149,Hymn,6,Suda,,Sud. Π 1617,"ἔγραψε δὲ ἐν βιβλίοις ιζ Δωρίδι διαλέκτῳ ταῦτα: Ὀλυμπιονίκας, Πυθιονίκας, Προσόδια, Παρθένια, Ἐνθρονισμούς, Βακχικά, Δαφνηφορικά, Παιᾶνας, Ὑπορχήματα, Ὕμνους, Διθυράμβους, Σκολιά, Ἐγκώμια, Θρήνους, δράματα τραγικὰ ιζ, ἐπιγράμματα ἐπικὰ καὶ καταλογάδην παραινέσεις τοῖς Ἕλλησι, καὶ ἄλλα πλεῖστα.","He (Pindar) wrote 17 books in the Doric dialect as follows: Olympian Victory Odes, Pythian Victory Odes, Prosodia, Virgins' Songs, Coronation Songs, Bacchic Songs, Songs for Apollo of the Laurel, Paeans, Hyporchemes, Hymns, Dithyrambs, Drinking Songs, Encomia, Laments, 17 tragic dramas, epigrams in epic meter and praises in prose for the Greeks, and very many other works.",Roth,,yes,,
Pindar,149,Partheneion,13,Pseudo-Plutarch,,[Plut.] Mus. 17. 1136f,"οὐκ ἠγνόει (sc. Πλάτων) δ᾿ ὅτι πολλὰ Δώρια παρθένεια〚ἄλλα〛 Ἀλκμᾶνι καὶ Πινδάρῳ καὶ Σιμωνίδῃ καὶ Βακχυλίδῃ πεποίηται, ἀλλὰ μὴν καὶ ὅτι προσόδια καὶ παιᾶνες.","Plato was well aware that many maiden-songs in the Dorian mode were composed by Alcman, Pindar, Simonides and Bacchylides, in addition to processional-songs and paeans.",Campbell,,yes,,
Pindar,149,Hyporchema,22,Suda,,Sud. Π 1617,"ἔγραψε δὲ ἐν βιβλίοις ιζ Δωρίδι διαλέκτῳ ταῦτα: Ὀλυμπιονίκας, Πυθιονίκας, Προσόδια, Παρθένια, Ἐνθρονισμούς, Βακχικά, Δαφνηφορικά, Παιᾶνας, Ὑπορχήματα, Ὕμνους, Διθυράμβους, Σκολιά, Ἐγκώμια, Θρήνους, δράματα τραγικὰ ιζ, ἐπιγράμματα ἐπικὰ καὶ καταλογάδην παραινέσεις τοῖς Ἕλλησι, καὶ ἄλλα πλεῖστα.","He (Pindar) wrote 17 books in the Doric dialect as follows: Olympian Victory Odes, Pythian Victory Odes, Prosodia, Virgins' Songs, Coronation Songs, Bacchic Songs, Songs for Apollo of the Laurel, Paeans, Hyporchemes, Hymns, Dithyrambs, Drinking Songs, Encomia, Laments, 17 tragic dramas, epigrams in epic meter and praises in prose for the Greeks, and very many other works.",Roth,,yes,,
Pindar,149,Enkomion,4,Suda,,Sud. Π 1618,"ἔγραψε δὲ ἐν βιβλίοις ιζ Δωρίδι διαλέκτῳ ταῦτα: Ὀλυμπιονίκας, Πυθιονίκας, Προσόδια, Παρθένια, Ἐνθρονισμούς, Βακχικά, Δαφνηφορικά, Παιᾶνας, Ὑπορχήματα, Ὕμνους, Διθυράμβους, Σκολιά, Ἐγκώμια, Θρήνους, δράματα τραγικὰ ιζ, ἐπιγράμματα ἐπικὰ καὶ καταλογάδην παραινέσεις τοῖς Ἕλλησι, καὶ ἄλλα πλεῖστα.","He (Pindar) wrote 17 books in the Doric dialect as follows: Olympian Victory Odes, Pythian Victory Odes, Prosodia, Virgins' Songs, Coronation Songs, Bacchic Songs, Songs for Apollo of the Laurel, Paeans, Hyporchemes, Hymns, Dithyrambs, Drinking Songs, Encomia, Laments, 17 tragic dramas, epigrams in epic meter and praises in prose for the Greeks, and very many other works.",Roth,,yes,,
Pindar,149,Epinician,16,Suda,,Sud. Π 1619,"ἔγραψε δὲ ἐν βιβλίοις ιζ Δωρίδι διαλέκτῳ ταῦτα: Ὀλυμπιονίκας, Πυθιονίκας, Προσόδια, Παρθένια, Ἐνθρονισμούς, Βακχικά, Δαφνηφορικά, Παιᾶνας, Ὑπορχήματα, Ὕμνους, Διθυράμβους, Σκολιά, Ἐγκώμια, Θρήνους, δράματα τραγικὰ ιζ, ἐπιγράμματα ἐπικὰ καὶ καταλογάδην παραινέσεις τοῖς Ἕλλησι, καὶ ἄλλα πλεῖστα.","He (Pindar) wrote 17 books in the Doric dialect as follows: Olympian Victory Odes, Pythian Victory Odes, Prosodia, Virgins' Songs, Coronation Songs, Bacchic Songs, Songs for Apollo of the Laurel, Paeans, Hyporchemes, Hymns, Dithyrambs, Drinking Songs, Encomia, Laments, 17 tragic dramas, epigrams in epic meter and praises in prose for the Greeks, and very many other works.",Roth,,yes,,
Polychares,150,Possibly lyric,31,Inscription,,I.G. ii 3.1280,"Μνησίμαχος Μνησιστράτου Θεότιμος Διοτίμου ἐχορήγουν, Ἀρίφρων ἐδίδασκεν, Π[ολυχ]άρης Κώμω[ν]ος ἐ[δίδ]ασκεν.","Mnesimachus son of Mnesistratus and Theotimus son of Diotimus were the chorēgoi, Ariphron trained the chorus, and Polychares son of Comon trained the chorus.",Campbell,The inscription is Attic.,yes,,
Polyidus,26,Dithyramb,2,Parian Marble,,Marm. Par. Ep. 68 (p. 18 Jacoby),"ἀφ᾿ οὗ Πολύιδος Σηλυμβριανὸς διθυράμβωι ἐνίκησεν Ἀθήνησιν, ἔτη ΗΔ[","From the time when Polyidus of Selymbria was victorious in Athens with a dithyramb, [ ] years.",Campbell,,yes,,
Polymnestus,128.00,Elegy,3,Pseudo-Plutarch,,"[Plut.] Mus. 3. 1132c (p. 112 Lasserre, vi 3. 4 Ziegler)","ὁμοίως δὲ Τερπάνδρῳ Κλονᾶν, τὸν πρῶτον συστησάμενον τοὺς αὐλῳδικοὺς νόμους καὶ τὰ προσόδια, ἐλεγείων τε καὶ ἐπῶν ποιητὴν γεγονέναι, καὶ Πολύμνηστον τὸν Κολοφώνιον τὸν μετὰ τοῦτον γενόμενον τοῖς αὐτοῖς χρήσασθαι ποιήμασιν.","(Heraclides says also that) like Terpander Clonas, who was the first to compose nomes for pipe accompaniment and processional songs, wrote elegiac couplets and hexameters, and that Polymnestus of Colophon who came after him used the same metres.",Campbell,,yes,,
Polymnestus,128.00,Nome,7,Pseudo-Plutarch,,"[Plut.] Mus. 3. 1132c (p. 112 Lasserre, vi 3. 4 Ziegler)","ὁμοίως δὲ Τερπάνδρῳ Κλονᾶν, τὸν πρῶτον συστησάμενον τοὺς αὐλῳδικοὺς νόμους καὶ τὰ προσόδια, ἐλεγείων τε καὶ ἐπῶν ποιητὴν γεγονέναι, καὶ Πολύμνηστον τὸν Κολοφώνιον τὸν μετὰ τοῦτον γενόμενον τοῖς αὐτοῖς χρήσασθαι ποιήμασιν.","(Heraclides says also that) like Terpander Clonas, who was the first to compose nomes for pipe accompaniment and processional songs, wrote elegiac couplets and hexameters, and that Polymnestus of Colophon who came after him used the same metres.",Campbell,,yes,,
Pratinas,129,Besides satyr play,32,Suda,,Sud. Π 2230,"καὶ δράματα μὲν ἐπεδείξατο ν΄, ὧν Σατυρικὰ λβ΄","[Pratinus] put on fifty plays, thirty-two of which were satyr-plays.",Campbell,,yes,,
Pratinas,129,"possibly Hyporchema, Dithyramb",22,Athenaeus,,Athen. 14.617b,ὃν οὖν εἶχεν κατὰ τῶν ταῦτα ποιούντων θυμὸν ὁ Πρατίνας ἐμφανίζει διὰ τοῦδε τοῦ ὑπορχήματος,Pratinus reveals the indignation he felt against the offenders in the following hyporcheme.,Campbell,,yes,,
Praxilla,83,Dithyramb,2,Hephaestion,,Heph. Ench. 2. 3 (p. 9 Consbruch) (περὶ συνεκφωνήσεως),". . . ἢ δύο βραχεῖαι εἰς μίαν βραχεῖαν (sc. παραλαμβάνονται) . . .· ἔστι μέντοι καὶ ἐν ἔπει, ὡς παρὰ Κορίννῃ ἐν τῷ πέμπτῳ (Corinna 657) καὶ παρὰ Πραξίλλῃ ἐν διθυράμβοις ἐν ᾠδῇ ἐπιγραφομένῃ Ἀχιλλεύς (codd. DI, Ἀχιλεύς cod. A)· ἀλλὰ τεὸν οὔποτε θυμὸν ἐνὶ στήθεσσιν ἔπειθον.",". . . or two short syllables are run together to give one short . . .: this occurs even in a hexameter, as in Corinna in Book 5 (fr. 657) and in Praxilla in her Dithyrambs in a song entitled ‘Achilles’: but they never persuaded the heart in your breast.",Campbell,,yes,,
Praxilla,83,Hymn,6,Zenobius,,Zenob. 4. 21 (i 89 Leutsch-Schneidewin) (cod. Coisl.),"ἠλιθιώτερος τοῦ Πραξίλλης Ἀδώνιδος· ἐπὶ τῶν ἀνοήτων. Πράξιλλα Σικυωνία μελοποιὸς ἐγένετο, ὥς φησι Πολέμων (F. H. G. iii 147)· αὕτη ἡ Πράξιλλα τὸν Ἄδωνιν ἐν τοῖς ὕμνοις εἰσάγει ἐρωτώμενον ὑπὸ τῶν κάτω τί κάλλιστον καταλιπὼν ἐλήλυθεν, ἐκεῖνον δὲ λέγοντα οὕτως· κάλλιστον μὲν ἐγὼ λείπω φάος ἠελίοιο, / δεύτερον ἄστρα φαεινὰ σεληναίης τε πρόσωπον / ἠδὲ καὶ ὡραίους σικύους καὶ μῆλα καὶ ὄγχνας·","‘Sillier than Praxilla’s Adonis’: used of stupid people. Praxilla of Sicyon was a lyric poetess, according to Polemon. In her hymnthis Praxilla represents Adonis as being asked by those in the underworld what was the most beautiful thing he left behind when he came, and giving as his answer: The most beautiful thing I leave behind is the sun’s light; second, the shining stars and the moon’s face; also ripe cucumbers and apples and pears.",Campbell,,yes,,
Praxilla,83,Skolia,12,Athenaeus,,Athen. 15. 694a (iii 535 Kaibel),καὶ Πράξιλλα δ᾿ ἡ Σικυωνία ἐθαυμάζετο ἐπὶ τῇ τῶν σκολίων ποιήσει.,Praxilla of Sicyon also was admired for her composition of drinking-songs.,Campbell,,yes,,
Pronomus,2,Prosodion,10,Pausanius,,Paus. 9. 12. 5–6 (iii 23 Rocha-Pereira),ἀνδριάς τέ ἐστι Προνόμου ἀνδρὸς αὐλήσαντος ἐπαγωγότατα ἐς τοὺς πολλούς. . . . καί οἱ καὶ ᾆσμα πεποιημένον ἐστὶ 〚ἐς〛 προσόδιον ἐς Δῆλον τοῖς ἐπ᾿ Εὐρίπῳ Χαλκιδεῦσι.,"There is also a statue of Pronomus, a man whose pipe-playing enchanted the crowds. . . . There is even a song composed by him, a processional hymn to Delos for the Chalcidians on the Euripus.",Campbell,,yes,,
Sacadas,131.00,Elegy,3,Pseudo-Plutarch,,"[Plut.] Mus. 8. 1134ab (p. 114s. Lasserre, vi 3. 7s. Ziegler)",γέγονε δὲ καὶ Σακάδας <ὁ> Ἀργεῖος ποιητὴς μελῶν τε καὶ ἐλεγείων μεμελοποιημένων·,Sacadas of Argos also was a composer of songs and of elegiacs set to music.,Campbell,,yes,,
Sacadas,131.00,Nome,7,Pseudo-Plutarch,,"[Plut.] Mus. 8. 1134ab (p. 114s. Lasserre, vi 3. 7s. Ziegler)","ἐν ἑκάστῳ τῶν εἰρημένων τόνων στροφὴν ποιήσαντά φασι τὸν Σακάδαν διδάξαι ᾄδειν τὸν χορὸν Δωριστὶ μὲν τὴν πρώτην, Φρυγιστὶ δὲ τὴν δευτέραν, Λυδιστὶ δὲ τὴν τρίτην· καλεῖσθαι δὲ Τριμερῆ (Τριμελῆ Xylander) τὸν νόμον τοῦτον διὰ τὴν μεταβολήν.","they say that Sacadas composed a strophe in each and taught his chorus to sing the first in the Dorian, the second in the Phrygian, the third in the Lydian; this nome, they say, was called the Three-part because of its modulation.",Campbell,,yes,,
Sappho,132.00,Elegy,3,Suda,,Sud. Σ 107,ἔγραψε (Σαπφώ) δὲ μελῶν λυρικῶν βιβλία θ. καὶ πρώτη πλῆκτρον εὗρεν. ἔγραψε δὲ καὶ ἐπιγράμματα καὶ ἐλεγεῖα καὶ ἰάμβους καὶ μονῳδίας.,She (Sappho) wrote 9 books of lyric poems. And she first discovered the plectrum. She also wrote epigrams and elegiacs and iambics and monodies.,Vandiver,,yes,,
Sappho,132.00,Epigram,5,Suda,,Sud. Σ 108,ἔγραψε (Σαπφώ) δὲ μελῶν λυρικῶν βιβλία θ. καὶ πρώτη πλῆκτρον εὗρεν. ἔγραψε δὲ καὶ ἐπιγράμματα καὶ ἐλεγεῖα καὶ ἰάμβους καὶ μονῳδίας.,She (Sappho) wrote 9 books of lyric poems. And she first discovered the plectrum. She also wrote epigrams and elegiacs and iambics and monodies.,Vandiver,,yes,,
Sappho,132.00,Iambos,11,Suda,,Sud. Σ 109,ἔγραψε (Σαπφώ) δὲ μελῶν λυρικῶν βιβλία θ. καὶ πρώτη πλῆκτρον εὗρεν. ἔγραψε δὲ καὶ ἐπιγράμματα καὶ ἐλεγεῖα καὶ ἰάμβους καὶ μονῳδίας.,She (Sappho) wrote 9 books of lyric poems. And she first discovered the plectrum. She also wrote epigrams and elegiacs and iambics and monodies.,Vandiver,,yes,,
Sappho,132.00,Unclassified melic,30,Suda,,Sud. Σ 110,ἔγραψε (Σαπφώ) δὲ μελῶν λυρικῶν βιβλία θ. καὶ πρώτη πλῆκτρον εὗρεν. ἔγραψε δὲ καὶ ἐπιγράμματα καὶ ἐλεγεῖα καὶ ἰάμβους καὶ μονῳδίας.,She (Sappho) wrote 9 books of lyric poems. And she first discovered the plectrum. She also wrote epigrams and elegiacs and iambics and monodies.,Vandiver,,yes,,
Semonides,134.00,Elegy,3,Suda,,Sud. Σ 446,"Σιμωνίδης Κρινέω, Ἀμοργῖνος, ἰαμβογράφος. ἔγραψεν ἐλεγείαν ἐν βιβλίοις β´ , ἰάμβους. γέγονε δὲ καὶ αὐτὸς μετὰ ϙ´ καὶ υ´ ἔτη τῶν Τρωικῶν. ἔγραψεν ἰάμβους πρῶτος αὐτὸς κατά τινας.","Semonides, son of Crines, from Amorgos, an iambic poet. He wrote elegiac poetry in two books and iambics. He flourished 490 years after the Trojan War. According to some he was the first writer of iambics.",Gerber,,yes,,
Semonides,134.00,Iambos,11,Suda,,Sud. Σ 447,"Σιμωνίδης Κρινέω, Ἀμοργῖνος, ἰαμβογράφος. ἔγραψεν ἐλεγείαν ἐν βιβλίοις β´ , ἰάμβους. γέγονε δὲ καὶ αὐτὸς μετὰ ϙ´ καὶ υ´ ἔτη τῶν Τρωικῶν. ἔγραψεν ἰάμβους πρῶτος αὐτὸς κατά τινας.","Semonides, son of Crines, from Amorgos, an iambic poet. He wrote elegiac poetry in two books and iambics. He flourished 490 years after the Trojan War. According to some he was the first writer of iambics.",Gerber,,yes,,
Simonides,135.00,Enkomion,4,Suda,,Sud. Σ 439,"καὶ γέγραπται...Ξέρξου ναυμαχία καὶ† ἡ ἐπ᾿ Ἀρτεμισίῳ ναυμαχία, δι᾿ ἐλεγείας· ἡ δ᾿ ἐν Σαλαμῖνι μελικῶς· θρῆνοι, ἐγκώμια, ἐπιγράμματα, παιᾶνες καὶ τραγῳδίαι καὶ ἄλλα.","He composed...‘The Sea-battle at Artemisium’ in elegiacs; ‘The Sea-battle at Salamis’ in lyric metre, and dirges, eulogies, epigrams, paeans tragedies and other works.",Campbell,,yes,,
Simonides,135.00,Epigram,5,Suda,,Sud. Σ 439,"καὶ γέγραπται...Ξέρξου ναυμαχία καὶ† ἡ ἐπ᾿ Ἀρτεμισίῳ ναυμαχία, δι᾿ ἐλεγείας· ἡ δ᾿ ἐν Σαλαμῖνι μελικῶς· θρῆνοι, ἐγκώμια, ἐπιγράμματα, παιᾶνες καὶ τραγῳδίαι καὶ ἄλλα.","He composed...‘The Sea-battle at Artemisium’ in elegiacs; ‘The Sea-battle at Salamis’ in lyric metre, and dirges, eulogies, epigrams, paeans tragedies and other works.",Campbell,,yes,,
Simonides,135.00,Epinician,16,Theocritus,,Theocr. 16. 42–47,"ἄμναστοι δὲ τὰ πολλὰ καὶ ὄλβια τῆνα λιπόντεςδειλοῖς ἐν νεκύεσσι μακροὺς αἰῶνας ἔκειντο,εἰ μὴ θεῖος ἀοιδὸς ὁ Κήιος αἰόλα φωνέωνβάρβιτον ἐς πολύχορδον ἐν ἀνδράσι θῆκ᾿ ὀνομαστούςὁπλοτέροις· τιμᾶς δὲ καὶ ὠκέες ἔλλαχον ἵπποι,οἵ σφισιν ἐξ ἱερῶν στεφανηφόροι ἦλθον ἀγώνων.","And having left behind that great wealth they (the rulers of Thessaly) would have lain forgotten among the wretched dead for long ages, had not a divine bard, the man of Ceos (Simonides), sung his varied songs to the lyre with its many strings and made them famous among later generations. Honour was won also by their swift horses, which came from the holy contests wearing the garlands of victory.",Campbell,,yes,,
Simonides,135.00,Hymn,6,Suda,,Sud. Σ 439,"καὶ γέγραπται...Ξέρξου ναυμαχία καὶ† ἡ ἐπ᾿ Ἀρτεμισίῳ ναυμαχία, δι᾿ ἐλεγείας· ἡ δ᾿ ἐν Σαλαμῖνι μελικῶς· θρῆνοι, ἐγκώμια, ἐπιγράμματα, παιᾶνες καὶ τραγῳδίαι καὶ ἄλλα.","He composed...‘The Sea-battle at Artemisium’ in elegiacs; ‘The Sea-battle at Salamis’ in lyric metre, and dirges, eulogies, epigrams, paeans tragedies and other works.",Campbell,,yes,,
Simonides,135.00,Lament (Dirge),24,Suda,,Sud. Σ 439,"καὶ γέγραπται...Ξέρξου ναυμαχία καὶ† ἡ ἐπ᾿ Ἀρτεμισίῳ ναυμαχία, δι᾿ ἐλεγείας· ἡ δ᾿ ἐν Σαλαμῖνι μελικῶς· θρῆνοι, ἐγκώμια, ἐπιγράμματα, παιᾶνες καὶ τραγῳδίαι καὶ ἄλλα.","He composed...‘The Sea-battle at Artemisium’ in elegiacs; ‘The Sea-battle at Salamis’ in lyric metre, and dirges, eulogies, epigrams, paeans tragedies and other works.",Campbell,,yes,,
Simonides,135.00,Paean,8,Pseudo-Plutarch,,[Plut.] Mus. 17. 1136f,"οὐκ ἠγνόει (sc. Πλάτων) δ᾿ ὅτι πολλὰ Δώρια παρθένεια〚ἄλλα〛 Ἀλκμᾶνι καὶ Πινδάρῳ καὶ Σιμωνίδῃ καὶ Βακχυλίδῃ πεποίηται, ἀλλὰ μὴν καὶ ὅτι προσόδια καὶ παιᾶνες.","Plato was well aware that many maiden-songs in the Dorian mode were composed by Alcman, Pindar, Simonides and Bacchylides, in addition to processional-songs and paeans.",Campbell,,yes,,
Simonides,135.00,Partheneion,13,Pseudo-Plutarch,,[Plut.] Mus. 17. 1136f,"οὐκ ἠγνόει (sc. Πλάτων) δ᾿ ὅτι πολλὰ Δώρια παρθένεια〚ἄλλα〛 Ἀλκμᾶνι καὶ Πινδάρῳ καὶ Σιμωνίδῃ καὶ Βακχυλίδῃ πεποίηται, ἀλλὰ μὴν καὶ ὅτι προσόδια καὶ παιᾶνες.","Plato was well aware that many maiden-songs in the Dorian mode were composed by Alcman, Pindar, Simonides and Bacchylides, in addition to processional-songs and paeans.",Campbell,,yes,,
Simonides,135,Prosodion,10,Pseudo-Plutarch,,[Plut.] Mus. 17. 1136f,"οὐκ ἠγνόει (sc. Πλάτων) δ᾿ ὅτι πολλὰ Δώρια παρθένεια〚ἄλλα〛 Ἀλκμᾶνι καὶ Πινδάρῳ καὶ Σιμωνίδῃ καὶ Βακχυλίδῃ πεποίηται, ἀλλὰ μὴν καὶ ὅτι προσόδια καὶ παιᾶνες.","Plato was well aware that many maiden-songs in the Dorian mode were composed by Alcman, Pindar, Simonides and Bacchylides, in addition to processional-songs and paeans.",Campbell,,yes,,
Simonides,135.00,Unclassified melic,30,Suda,,Sud. Σ 439,"καὶ γέγραπται...Ξέρξου ναυμαχία καὶ† ἡ ἐπ᾿ Ἀρτεμισίῳ ναυμαχία, δι᾿ ἐλεγείας· ἡ δ᾿ ἐν Σαλαμῖνι μελικῶς· θρῆνοι, ἐγκώμια, ἐπιγράμματα, παιᾶνες καὶ τραγῳδίαι καὶ ἄλλα.","He composed...‘The Sea-battle at Artemisium’ in elegiacs; ‘The Sea-battle at Salamis’ in lyric metre, and dirges, eulogies, epigrams, paeans tragedies and other works.",Campbell,,yes,,
Scythinus,84,Epigram,5,Greek Anthology,,Greek Anthology 12.22,"Ἦλθέν μοι μέγα πῆμα, μέγας πόλεμος, μέγα μοι πῦρ, / Ἰλισὸς πλήρης τῶν ἐς ἔρωτ' ἐτέων, / αὐτὰ τὰ καίρι' ἔχων ἑκκαίδεκα καὶ μετὰ τούτων / πάσας καὶ μικρὰς καὶ μεγάλας χάριτας / καὶ πρὸς ἀναγνῶναι φωνὴν μέλι καὶ τὸ φιλῆσαι / χείλεα καὶ τὸ λαβεῖν ἔνδον ἀμεμπτότατον. / καὶ τί πάθω; φασὶν γὰρ ὁρᾶν μόνον· ἦ ῥ' ἀγρυπνήσω / πολλάκι τῇ κενεῇ Κύπριδι χειρομαχῶν. ","There has come to me a great woe, a great war, a great fire. Elissus, full of the years ripe for love, just at that fatal age of sixteen, and having withal every charm, small and great, a voice which is honey when he reads and lips that are honey to kiss, and a thing faultless for taking in. What will become of me? He bids me look only. Verily I shall often lie awake fighting with my hands against this empty love.",Paton,,yes,,
Scythinus,84,Iambos,11,Stephanus of Byzantium,,St. Byz. (pp. 619 sq. Meineke),Τέως· πόλις Ἰωνίας . . . ἀφ᾿ οὗ Πρωταγόρας Τήϊος καὶ Σκυθῖνος ὁ ἰάμβων ποιητὴς Τήϊος.,"Teos, a city in Ionia . . . From it came Protagoras of Teos and the iambic poet Scythinus of Teos.",Gerber,,yes,,
Solon,136.00,Elegy,3,Plutarch,,Plut. Sol. 8.1–3,"ὄχλου δὲ πολλοῦ συνδραμόντος ἀναβὰς ἐπὶ τὸν τοῦ κήρυκος λίθον ἐν ᾠδῇ διεξῆλθε τὴν ἐλεγείαν, ἧς ἐστιν ἀρχή· αὐτὸς κῆρυξ ἦλθον ἀφ᾿ ἱμερτῆς Σαλαμῖνος, / κόσμον ἐπέων ᾠδὴν ἀντ᾿ ἀγορῆς θέμενος.","When a large crowd had assembled, he mounted the herald’s stone and recited the elegy which begins: I have come in person as a herald from lovely Salamis, composing song, an adornment of words, instead of speech.",Gerber,,yes,,
Solon,136.00,Iambos,11,Athenaeus,,Ath. 14.645f,"γοῦρος ὅτι πλακοῦντος εἶδος ὁ Σόλων ἐν τοῖς ἰάμβοις φησίν· πίνουσι· καὶ τρώγουσιν οἱ μὲν ἴτρια, / οἱ δ᾿ ἄρτον αὐτῶν, οἱ δὲ συμμεμιγμένους / γούρους φακοῖσι· κεῖθι δ᾿ οὔτε πεμμάτων / ἄπεστιν οὐδ᾿ ἕν, ἅσσ᾿ ἐν ἀνθρώποισι γῆ / φέρει μέλαινα, πάντα δ᾿ ἀφθόνως πάρα.","Solon says in his iambics that gouros is a kind of cake: They are drinking; and some are eating cakes, others bread, and others gouroi mixed with lentils. No pastry which the dark earth brings forth among mankind is lacking there, but everything is present in abundance.",Gerber,,yes,,
Sophocles,137.00,Elegy,3,Hephaestion,,Heph. Ench. 1. 5 (p. 3s. Consbruch),"ἐν δὲ τοῖς ἔπεσι σπανιώτερον, οὕτως ὥστε τὸ τοῦ Ἀρχελάου ὄνομα Σοφοκλῆς ἐν ταῖς ἐλεγείαις οὐκ ᾤετο ἐγχωρεῖν οὔτε εἰς ἔπος οὔτε εἰς ἐλεγεῖον. φησὶ γοῦν· Ἀρχέλεως· ἦν γὰρ σύμμετρον ὧδε λέγειν.","Internal correption is less common in dactylic hexameters; indeed Sophocles in his elegiacs thought that the name Archelaus fitted neither hexameter nor pentameter; at any rate he says ""Archeleōs—for this form fitted the metre.""",Campbell,,yes,,
Sophocles,137.00,Paean,8,Philostratus,,Philostr. Vit. Apoll. 3. 17 (i 96 Kayser),οἱ δὲ ᾖδον ᾠδὴν ὁποῖος ὁ παιὰν ὁ τοῦ Σοφοκλέους ὃν Ἀθήνησι τῷ Ἀσκληπιῷ ᾄδουσιν.,And they began singing a song like the paean of Sophocleswhich is sung to Asclepius at Athens.,Campbell,,yes,,
Sophocles,137,Besides tragedy,32,,,,,,,,,,
Sophokles (son of Ariston),85,Elegy,3,Suda,,Sud. Σ 816,"Σοφοκλῆς, Ἀρίστωνος, υἱωνὸς δὲ τοῦ προτέρου Σοφοκλέους πρεσβυτέρου, Ἀθηναῖος, τραγικός. ἐδίδαξε δὲ δράματα μ, οἱ δέ φασιν ια: νίκας δὲ εἷλεν ζ. ἔγραψε καὶ ἐλεγείας.","Son of Ariston, grandson of the earlier elder Sophocles, an Athenian, tragedian. He staged 40 plays, though some say 11; and he won and took the prize for 7. He also wrote elegies.",Tyrrell,,yes,,
Stesichorus,138.00,Nome,7,Pseudo-Plutarch,,"[Plut.] Mus. 7. 1133ef (p. 114 Lasserre, vi 3. 7 Ziegler)","τὸν δὲ καλούμενον Ἁρμάτειον νόμον λέγεται ποιῆ- σαι ὁ πρῶτος Ὄλυμπος, ὁ Μαρσύου μαθητής. . . . ὅτι δ᾿ ἐστὶν Ὀλύμπου ὁ Ἁρμάτειος νόμος ἐκ τῆς Γλαύκου συγγραφῆς τῆς ὑπὲρ τῶν ἀρχαίων ποιητῶν (fr. 3 Müller) μάθοι ἄν τις, καὶ ἔτι γνοίη ὅτι Στησίχορος ὁ Ἱμεραῖος οὔτ᾿ Ὀρφέα οὔτε Τέρπανδρον οὔτ᾿ Ἀρχίλο- χον οὔτε Θαλήταν ἐμιμήσατο ἀλλ᾿ Ὄλυμπον, χρησά- μενος τῷ Ἁρματείῳ νόμῳ καὶ τῷ κατὰ δάκτυλον εἴδει, ὅ τινες ἐξ Ὀρθίου νόμου φασὶν εἶναι.","The so-called Chariot nome is said to have been composed by the first Olympus, pupil of Marsyas... That it is by him can be gathered from Glaucus, On the Ancient Poets, where one can learn also that Stesichorus of Himera imitated not Orpheus nor Terpander nor Archilochus nor Thaletas but Olympus, using the Chariot nome and the dactylic rhythm, which some say is derived from the Orthian nome.",Campbell,,yes,,
Stesichorus,138.00,Paean,8,Athenaeus,,Ath. 6. 250b ,"μετὰ τὸ δεῖπνον ἐκεῖνοι μὲν τῶν Φρυνίχου καὶ Στησιχόρου, ἔτι δὲ Πινδάρου παιάνων τῶν ναυτῶν τινας ἀνειληφότες ᾖδον.",After dinner they got some of the sailors and sang selections from the paeans of Phrynichus and Stesichorus and Pindar too.,Campbell,,yes,,
Stesichorus,138.00,Unclassified melic,30,Suda,,Sud. Σ 1095,γέγονε δὲ λυρικός.,He (Stesichorus) became a lyric poet,Roth,,yes,,
Susarion,139.00,Iambos,11,Tzetzes,,Tzetzes Proem (Koster XIa I.78),"τῆς οὖν κωμῳδίας τῆς καλουμένης πρώτης πρῶτος καὶ εὑρετὴς γέγονεν ὁ Μεγαρεὺς Σουσαρίων ὁ Τριποδίσκιος, υἱὸς ὢν Φιλίννου, ὃς φαύλῃ γυναικὶ συνοικῶν ἀπολιπούσῃ αὐτὸν Διονυσίων ἠγμένων εἰσελθὼν εἰς τὸ θέατρον τὰ τέσσαρα ἰαμβεῖα ταυτὶ ἀνεφθέγξατο, ἃ μόνα τῶν ἐκείνου συγγραμμάτων ἐφεύρηνται τῶν ἄλλων ἁπάντων ἠφανισμένων·","The man who first practised and invented what is called “First Comedy” was a Megarian, Susarion of Tripodisce, the son of Philinnus. He was living with a worthless woman who had left him, and at the time that the Dionysia was being held, so he went into the theatre and uttered these four iambic lines, which are the only extant lines of his, all the rest having disappeared",Storey,,yes,,
Telesilla,54.00,Partheneion,13,Hephaestion,,Heph. Ench. 11. 2 (p. 35 Consbruch),"ἐστὶ τοίνυν ἐπίσημα ἐν τῷ ἰωνικῷ ἑφθημιμερῆ (πενθημιμερῆ ci. Edmonds) μὲν τὰ τοιαῦτα, οἷς ἡ Τελέσιλλα ἐχρήσατο· ἁ δ᾿ Ἄρτεμις, ὦ κόραι, / φεύγοισα τὸν Ἀλφεόν.","Remarkable among the ionic metres are the three-and-a-half foot lines of the following type, used by Telesilla: And Artemis, girls, fleeing from Alpheus . . .",Campbell,New Pauly entry says this is supposed to be a partheneion,yes,,
Telestes,7,Dithyramb,2,Plutarch,,"Plut. vit. Alex. 8. 3 (ii 2. 161 Ziegler) = Onesicritus, F.Gr.H. 134 F38","τῶν δ᾿ ἄλλων βιβλίων οὐκ εὐπορῶν ἐν τοῖς ἄνω τόποις Ἅρπαλον ἐκέλευσε πέμψαι, κἀκεῖνος ἔπεμψεν αὐτῷ τάς τε Φιλίστου βίβλους καὶ τῶν Εὐριπίδου καὶ Σοφοκλέους καὶ Αἰσχύλου τραγῳδιῶν συχνὰς καὶ Τελέστου καὶ Φιλοξένου διθυράμβους.",And when he (Alexander) was short of other books up-country he ordered Harpalus to send them; and Harpalus sent him the books of Philistus and many of the tragedies of Euripides and Sophocles and Aeschylus and dithyrambs of Telestes and Philoxenus.,Campbell,,yes,,
Terpander,141.00,Nome,7,Suda,,Sud. Τ 354,"Τέρπανδρος· Ἀρναῖος, ἢ Λέσβιος ἀπὸ Ἀντίσσης, ἢ Κυμαῖος· οἱ δὲ καὶ ἀπόγονον Ἡσιόδου ἀνέγραψαν, ἄλλοι δὲ Ὁμήρου, Βοίου λέγοντες αὐτὸν τοῦ Φωκέως, τοῦ Εὐρυφῶντος, τοῦ Ὁμήρου· λυρικός, ὃς πρῶτος ἑπτὰ χορδῶν ἐποίησε τὴν λύραν καὶ νόμους λυρικοὺς πρῶτος ἔγραψεν, εἰ καί τινες Φιλάμμωνα θέλουσι γεγραφέναι.","From Arne, or from Antissa in Lesbos, or from Cyme. Some have made him a descendant of Hesiod, others of Homer, calling him son of Boeus of Phocis, son of Euryphon, son of Homer. A lyric poet, who first gave the lyre seven strings and was the first to write lyric nomes, though some attribute this to Philammon.",Campbell,,yes,,
Terpander,141.00,Skolia,12,Pseudo-Plutarch,,"[Plut.] Mus. 28. 1140f (p. 123 Lasserre, vi 3. 23 Ziegler)","ἔ<τ>ι δέ, καθάπερ Πίνδαρός φησι (fr. 124d S.-M.), καὶ τῶν σκολιῶν μελῶν Τέρπανδρος εὑρετὴς ἦν.","Also, as Pindar says,Terpander invented the music of scolia.",Campbell,,yes,,
Thaletas,142.00,Hyporchema,22,Scholiast to Pindar,,Schol. Pind. Pyth. 2. 127 (ii 52s. Drachmann),"ἔνιοι μὲν οὖν φασι τὴν ἔνοπλον ὄρχησιν πρῶτον Κούρητας εὑρηκέναι καὶ ὑπορχήσασθαι, αὖθις δὲ Πύρριχον Κρῆτα συντάξασθαι, Θαλήταν δὲ πρῶτον τὰ εἰς αὐτὴν ὑπορχήματα· Σωσίβιος δέ (fr. 23 Jacoby), τὰ ὑπορχηματικὰ πάντα μέλη Κρηταϊκὰ λέγεσθαι.","Now some say that the dance in armour was first invented and danced by the Curetes and that later on Pyrrhichus the Cretan organized it again, and that Thaletas was the first to compose the hyporchemata (choral dance-songs) for it; and Sosibius says all hyporchematic songs are called Cretan.",Campbell,,yes,,
Thaletas,142.00,Paean,8,Pseudo-Plutarch,,"[Plut.] Mus. 9. 1134bc (p. 115 Lasserre, vi 3. 8 Ziegler)",ἦσαν δ᾿ οἱ μὲν περὶ Θαλήταν τε καὶ Ξενόδαμον καὶ Ξενόκριτον ποιηταὶ παιάνων . . .,"Thaletas, Xenodamus and Xenocritus were composers of paeans . . .",Campbell,,yes,,
Theognis,143.00,Elegy,3,Suda,,Sud. Θ 136,"Θέογνις, Μεγαρεύς, τῶν ἐν Σικελίᾳ Μεγάρων, γεγονὼς ἐν τῇ νθ΄ ὀλυμπιάδι. ἔγραψεν ἐλεγείαν εἰς τοὺς σωθέντας τῶν Συρακουσίων ἐν τῇ πολιορκίᾳ, γνώμας δι᾿ ἐλεγείας ὡς (εἰς ed. pr.) ἔπη ̗βω΄, καὶ πρὸς Κύρ<ν>ον τὸν αὐτοῦ ἐρώμενον γνωμολογίαν δι᾿ ἐλεγείων, καὶ ἑτέρας ὑποθήκας παραινετικάς, τὰ πάντα ἐπικῶς (ἔπη ̗βω΄ Ditzen).","Theognis, a Megarian from the Megara in Sicily, flourished in the 59th Olympiad (544/41). He wrote an elegy on those saved from the Syracusans in the siege, elegiac maxims totaling about 2800 verses, a collection of elegiac maxims addressed to Cyrnus his beloved, and other hortatory precepts, all in the epic dialect.",Gerber,,yes,,
Timocreon,144.00,Iambos,11,Scholiast to Aelius Aristides,,Schol. Oxon. ad Ael. Arist. Or. 3.612 (i. 496 Behr) = Or. 46.294 (ii. 380 Dindorf),"οἱ μὲν λυρικὸν ποιητὴν τοῦτον φασὶ, γεγραφότα ἰάμβους, διαβολὰς ἔχοντας.",some say he was a lyric poet who wrote iamboi that display invective,Rotstein,,yes,,
Timotheus,6,Diaskeue,1,Suda,,Sud. Τ 620,"Τιμόθεος, Θερσάνδρου ἢ Νεομούσου ἢ Φιλοπόλιδος, Μιλήσιος, λυρικός· ὃς τὴν ι΄ καὶ ια΄ χορδὴν προσέθηκε καὶ τὴν ἀρχαίαν μουσικὴν ἐπὶ τὸ μαλακώτερον μετήγαγεν. ἦν δὲ ἐπὶ τῶν Εὐριπίδου χρόνων τοῦ τραγικοῦ, καθ᾿ οὓς καὶ Φίλιππος ὁ Μακεδὼν ἐβασίλευεν· καὶ ἐτελεύτησεν ἐτῶν ϙζ΄, γράψας δι᾿ ἐπῶν νόμους μουσικοὺς ιθ΄, προοίμια λς΄, Ἄρτεμιν, διασκευὰς η΄, ἐγκώμια, Πέρσας 〚ἢ del. Bernhardy〛 Ναύπλιον, Φινείδας, Λαέρτην, διθυράμβους ιη΄, ὕμνους κα΄ καὶ ἄλλα τινά.","Timotheus: son of Thersander or of Neomusus or of Philopolis, from Miletus, lyric poet. He added the tenth and eleventh strings to the lyre, and he made the old-fashioned music more effeminate. He lived at the time of the tragedian Euripides, when Philip of Macedon was king. He died at the age of ninety-seven, having written 19 musical nomes in hexameters, 36 preludes, the Artemis,4 8 adaptations, encomia, The Persians, Nauplius,  The Sons of Phineus, Laertes, 18 dithyrambs, 21 hymns and other works.",Campbell,,yes,,
Timotheus,6,Dithyramb,2,Suda,,Sud. Τ 621,"Τιμόθεος, Θερσάνδρου ἢ Νεομούσου ἢ Φιλοπόλιδος, Μιλήσιος, λυρικός· ὃς τὴν ι΄ καὶ ια΄ χορδὴν προσέθηκε καὶ τὴν ἀρχαίαν μουσικὴν ἐπὶ τὸ μαλακώτερον μετήγαγεν. ἦν δὲ ἐπὶ τῶν Εὐριπίδου χρόνων τοῦ τραγικοῦ, καθ᾿ οὓς καὶ Φίλιππος ὁ Μακεδὼν ἐβασίλευεν· καὶ ἐτελεύτησεν ἐτῶν ϙζ΄, γράψας δι᾿ ἐπῶν νόμους μουσικοὺς ιθ΄, προοίμια λς΄, Ἄρτεμιν, διασκευὰς η΄, ἐγκώμια, Πέρσας 〚ἢ del. Bernhardy〛 Ναύπλιον, Φινείδας, Λαέρτην, διθυράμβους ιη΄, ὕμνους κα΄ καὶ ἄλλα τινά.","Timotheus: son of Thersander or of Neomusus or of Philopolis, from Miletus, lyric poet. He added the tenth and eleventh strings to the lyre, and he made the old-fashioned music more effeminate. He lived at the time of the tragedian Euripides, when Philip of Macedon was king. He died at the age of ninety-seven, having written 19 musical nomes in hexameters, 36 preludes, the Artemis,4 8 adaptations, encomia, The Persians, Nauplius,  The Sons of Phineus, Laertes, 18 dithyrambs, 21 hymns and other works.",Campbell,,yes,,
Timotheus,6,Enkomion,4,Suda,,Sud. Τ 622,"Τιμόθεος, Θερσάνδρου ἢ Νεομούσου ἢ Φιλοπόλιδος, Μιλήσιος, λυρικός· ὃς τὴν ι΄ καὶ ια΄ χορδὴν προσέθηκε καὶ τὴν ἀρχαίαν μουσικὴν ἐπὶ τὸ μαλακώτερον μετήγαγεν. ἦν δὲ ἐπὶ τῶν Εὐριπίδου χρόνων τοῦ τραγικοῦ, καθ᾿ οὓς καὶ Φίλιππος ὁ Μακεδὼν ἐβασίλευεν· καὶ ἐτελεύτησεν ἐτῶν ϙζ΄, γράψας δι᾿ ἐπῶν νόμους μουσικοὺς ιθ΄, προοίμια λς΄, Ἄρτεμιν, διασκευὰς η΄, ἐγκώμια, Πέρσας 〚ἢ del. Bernhardy〛 Ναύπλιον, Φινείδας, Λαέρτην, διθυράμβους ιη΄, ὕμνους κα΄ καὶ ἄλλα τινά.","Timotheus: son of Thersander or of Neomusus or of Philopolis, from Miletus, lyric poet. He added the tenth and eleventh strings to the lyre, and he made the old-fashioned music more effeminate. He lived at the time of the tragedian Euripides, when Philip of Macedon was king. He died at the age of ninety-seven, having written 19 musical nomes in hexameters, 36 preludes, the Artemis,4 8 adaptations, encomia, The Persians, Nauplius,  The Sons of Phineus, Laertes, 18 dithyrambs, 21 hymns and other works.",Campbell,,yes,,
Timotheus,6,Hymn,6,Suda,,Sud. Τ 623,"Τιμόθεος, Θερσάνδρου ἢ Νεομούσου ἢ Φιλοπόλιδος, Μιλήσιος, λυρικός· ὃς τὴν ι΄ καὶ ια΄ χορδὴν προσέθηκε καὶ τὴν ἀρχαίαν μουσικὴν ἐπὶ τὸ μαλακώτερον μετήγαγεν. ἦν δὲ ἐπὶ τῶν Εὐριπίδου χρόνων τοῦ τραγικοῦ, καθ᾿ οὓς καὶ Φίλιππος ὁ Μακεδὼν ἐβασίλευεν· καὶ ἐτελεύτησεν ἐτῶν ϙζ΄, γράψας δι᾿ ἐπῶν νόμους μουσικοὺς ιθ΄, προοίμια λς΄, Ἄρτεμιν, διασκευὰς η΄, ἐγκώμια, Πέρσας 〚ἢ del. Bernhardy〛 Ναύπλιον, Φινείδας, Λαέρτην, διθυράμβους ιη΄, ὕμνους κα΄ καὶ ἄλλα τινά.","Timotheus: son of Thersander or of Neomusus or of Philopolis, from Miletus, lyric poet. He added the tenth and eleventh strings to the lyre, and he made the old-fashioned music more effeminate. He lived at the time of the tragedian Euripides, when Philip of Macedon was king. He died at the age of ninety-seven, having written 19 musical nomes in hexameters, 36 preludes, the Artemis,4 8 adaptations, encomia, The Persians, Nauplius,  The Sons of Phineus, Laertes, 18 dithyrambs, 21 hymns and other works.",Campbell,,yes,,
Timotheus,6,Nome,7,Suda,,Sud. Τ 624,"Τιμόθεος, Θερσάνδρου ἢ Νεομούσου ἢ Φιλοπόλιδος, Μιλήσιος, λυρικός· ὃς τὴν ι΄ καὶ ια΄ χορδὴν προσέθηκε καὶ τὴν ἀρχαίαν μουσικὴν ἐπὶ τὸ μαλακώτερον μετήγαγεν. ἦν δὲ ἐπὶ τῶν Εὐριπίδου χρόνων τοῦ τραγικοῦ, καθ᾿ οὓς καὶ Φίλιππος ὁ Μακεδὼν ἐβασίλευεν· καὶ ἐτελεύτησεν ἐτῶν ϙζ΄, γράψας δι᾿ ἐπῶν νόμους μουσικοὺς ιθ΄, προοίμια λς΄, Ἄρτεμιν, διασκευὰς η΄, ἐγκώμια, Πέρσας 〚ἢ del. Bernhardy〛 Ναύπλιον, Φινείδας, Λαέρτην, διθυράμβους ιη΄, ὕμνους κα΄ καὶ ἄλλα τινά.","Timotheus: son of Thersander or of Neomusus or of Philopolis, from Miletus, lyric poet. He added the tenth and eleventh strings to the lyre, and he made the old-fashioned music more effeminate. He lived at the time of the tragedian Euripides, when Philip of Macedon was king. He died at the age of ninety-seven, having written 19 musical nomes in hexameters, 36 preludes, the Artemis,4 8 adaptations, encomia, The Persians, Nauplius,  The Sons of Phineus, Laertes, 18 dithyrambs, 21 hymns and other works.",Campbell,,yes,,
Timotheus,6,Prooimion,9,Suda,,Sud. Τ 625,"Τιμόθεος, Θερσάνδρου ἢ Νεομούσου ἢ Φιλοπόλιδος, Μιλήσιος, λυρικός· ὃς τὴν ι΄ καὶ ια΄ χορδὴν προσέθηκε καὶ τὴν ἀρχαίαν μουσικὴν ἐπὶ τὸ μαλακώτερον μετήγαγεν. ἦν δὲ ἐπὶ τῶν Εὐριπίδου χρόνων τοῦ τραγικοῦ, καθ᾿ οὓς καὶ Φίλιππος ὁ Μακεδὼν ἐβασίλευεν· καὶ ἐτελεύτησεν ἐτῶν ϙζ΄, γράψας δι᾿ ἐπῶν νόμους μουσικοὺς ιθ΄, προοίμια λς΄, Ἄρτεμιν, διασκευὰς η΄, ἐγκώμια, Πέρσας 〚ἢ del. Bernhardy〛 Ναύπλιον, Φινείδας, Λαέρτην, διθυράμβους ιη΄, ὕμνους κα΄ καὶ ἄλλα τινά.","Timotheus: son of Thersander or of Neomusus or of Philopolis, from Miletus, lyric poet. He added the tenth and eleventh strings to the lyre, and he made the old-fashioned music more effeminate. He lived at the time of the tragedian Euripides, when Philip of Macedon was king. He died at the age of ninety-seven, having written 19 musical nomes in hexameters, 36 preludes, the Artemis,4 8 adaptations, encomia, The Persians, Nauplius,  The Sons of Phineus, Laertes, 18 dithyrambs, 21 hymns and other works.",Campbell,,yes,,
Tynnichus,146.00,Paean,8,Plato,,Plat. Ion 534d,"μέγιστον δὲ τεκμήριον τῷ λόγῳ Τύννιχος ὁ Χαλκιδεύς, ὃς ἄλλο μὲν οὐδὲν πώποτε ἐποίησε ποίημα ὅτου τις ἂν ἀξιώσειεν μνησθῆναι, τὸν δὲ παιῶνα ὃν πάντες ᾄδουσι, σχεδόν τι πάντων μελῶν κάλλιστον, ἀτεχνῶς, ὅπερ αὐτὸς λέγει, εὕρημά τι Μοισᾶν.","My argument is well supported by the case of Tynnichus of Chalcis: he never composed any poem worth remembering with the exception of the paean which everyone sings, almost the most beautiful of all lyric poems and truly, as he himself puts it, a discovery of the Muses.",Campbell,,yes,,
Tyrtaeus,145.00,Elegy,3,Suda,,Sud. Τ 1205,"Τυρταῖος, Ἀρχεμβρότου, Λάκων ἢ Μιλήσιος, ἐλεγειοποιὸς καὶ αὐλητής·","Tyrtaeus, son of Archembrotus, a Laconian or Milesian elegiac poet and pipe-player.",Gerber,,yes,,
Xanthus,147.00,Unclassified melic,30,Aelian,,Ael. V.H. 4. 26(p. 74 Dilts),Ξάνθος ὁ ποιητὴς τῶν μελῶν (ἐγένετο δὲ οὗτος πρεσβύτερος Στησιχόρου τοῦ Ἱμεραίου) λέγει τὴν Ἠλέκτραν τοῦ Ἀγαμέμνονος οὐ τοῦτο ἔχειν τοὔνομα πρῶτον ἀλλὰ Λαοδίκην.,"Xanthus, the lyric poet, who was earlier than Stesichorus of Himera, says that Electra, daughter of Agamemnon, was originally called Laodice",Campbell,,yes,,
Xenocritus,155,Paean,8,Pseudo-Plutarch,,[Plut.] Mus. 9 1134b-c,"ἦσαν δὲ οἱ μὲν περὶ Θαλήταν τε καὶ Ξενόδαμον καὶ Ξενόκριτον8 ποιηταὶ παιάνων, οἱ δὲ περὶ Πολύμνηστον τῶν ὀρθίων καλουμένων, οἱ δὲ περὶ Σακάδαν ἐλεγείων.","Thaletas, Xenodamus, and Xenocritus were composers of paeans, Polymnestus of so-called orthian pieces, and Sacadas of elegiacs.",De Lacy,,yes,,
Xenodamus,154,Hyporchema,22,Pseudo-Plutarch,,[Plut.] Mus. 9 1134c,"ἄλλοι δὲ Ξενόδαμον ὑπορχημάτων ποιητὴν γεγονέναι φασὶ καὶ οὐ παιάνων, καθάπερ Πρατίνας, καὶ αὐτοῦ δὲ τοῦ Ξενοδάμου ἀπομνημονεύεται ᾆσμα ὅ ἐστι φανερῶς ὑπόρχημα.","Others, like Pratinas, say that Xenodamus composed hyporchemes, not paeans, and indeed a song of Xenodamus himself is recorded which is clearly a hyporcheme.",Campbell,,yes,,
Xenodamus,154,Paean,8,Pseudo-Plutarch,,[Plut.] Mus. 9 1134c,"ἄλλοι δὲ Ξενόδαμον ὑπορχημάτων ποιητὴν γεγονέναι φασὶ καὶ οὐ παιάνων, καθάπερ Πρατίνας, καὶ αὐτοῦ δὲ τοῦ Ξενοδάμου ἀπομνημονεύεται ᾆσμα ὅ ἐστι φανερῶς ὑπόρχημα.","Others, like Pratinas, say that Xenodamus composed hyporchemes, not paeans, and indeed a song of Xenodamus himself is recorded which is clearly a hyporcheme.",Campbell,,yes,,
Xenokrates,90,Elegy,3,Diogenes of Laertius,,Diog. Laert. 4.2 Xen. 15,"φιλόσοφος, ἐλεγείαν γεγραφὼς οὐκ ἐπιτυχῶς. ἴδιον δέ· ποιηταὶ μὲν γὰρ ἐπιβαλλόμενοι πεζογραφεῖν ἐπιτυγχάνουσι· πεζογράφοι δὲ ἐπιτιθέμενοι ποιητικῇ πταίουσι· τῷ δῆλον τὸ μὲν φύσεως εἶναι, τὸ δὲ τέχνης ἔργον.","a philosopher and not very successful writer of elegies (Xenocrates); it is a remarkable fact that poets succeed when they undertake to write prose, but prose-writers who essay poetry come to grief; whereby it is clear that the one is a gift of nature and the other of art;",Hicks,,yes,,
Xenophanes,148.00,Elegy,3,Diogenes of Laertius,,Diog. Laert. 8.36,"περὶ δὲ τοῦ ἄλλοτε ἄλλον αὐτὸν (Πυθαγόραν) γεγενῆσθαι Ξενοφάνης ἐν ἐλεγείᾳ προσμαρτυρεῖ, ἧς ἀρχή· Νῦν αὖτ᾿ ἄλλον ἔπειμι λόγον, δείξω δὲ κέλευθον",That Pythagoras had been a different person at different times is attested by Xenophanes in an elegy whose beginning is: Now I will move on to yet another tale and I will show the way.,Gerber,,yes,,
Xenophanes,148.00,Iambos,11,Diogenes of Laertius,,Diog. Laert. 9. 18–20,"γέγραφε δὲ ἐν ἔπεσι καὶ ἐλεγείας καὶ ἰάμβους καθ᾿ Ἡσιόδου καὶ Ὁμήρου, ἐπικόπτων αὐτῶν τὰ περὶ θεῶν εἰρημένα.","He wrote in hexameters as well as elegiac and iambic poems against Hesiod and Homer, censuring what they said about the gods.",Gerber,,yes,,